Proj,Fs,App,window,Algorithm,F1,Acc,Sen,AUC,RS
commons-bcel,Str,slw,2,DT,0.8264638,0.7085187539732994,0.6476462196861626,0.6787761317228563,RUS
commons-bcel,Str,slw,2,LogisticRegression,0.8100712,0.6854100445009536,0.651925820256776,0.6690494864150034,ADA
commons-bcel,Str,slw,2,MLP,0.76363782,0.6246980292434838,0.8273894436519258,0.7237340599058744,RUS
commons-bcel,Str,slw,2,RandomForest,0.8123572,0.6893515575333757,0.7589158345221113,0.7233410083888557,RUS
commons-bcel,StrEvo,slw,2,DT,0.9009827,0.8232040686586141,0.8459343794579173,0.8343102112836256,RUS
commons-bcel,StrEvo,slw,2,LogisticRegression,0.88704271,0.8007628734901462,0.8288159771754636,0.814469759126436,ADA
commons-bcel,StrEvo,slw,2,MLP,0.89704777,0.8171010807374444,0.9101283880171184,0.8625546845966796,RUS
commons-bcel,StrEvo,slw,2,RandomForest,0.89754318,0.8178639542275906,0.9015691868758916,0.8587627461737304,RUS
commons-bcel,Evo,slw,2,DT,0.90452831,0.8286395422759059,0.7574893009985735,0.7938751814008115,SMOTE
commons-bcel,Evo,slw,2,LogisticRegression,0.91664042,0.8485696122059758,0.717546362339515,0.7845510022952815,ROS
commons-bcel,Evo,slw,2,MLP,0.90423723,0.8281627463445645,0.7574893009985735,0.7936313503269795,ROS
commons-bcel,Evo,slw,2,RandomForest,0.90452831,0.8286395422759059,0.7574893009985735,0.7938751814008115,SMOTE
commons-bcel,Str,slw,3,DT,0.84548887,0.7363187334401884,0.6537356321839081,0.695989155004088,RUS
commons-bcel,Str,slw,3,LogisticRegression,0.81781615,0.6962807889830231,0.6408045977011494,0.6691889097292357,ROS
commons-bcel,Str,slw,3,MLP,0.86640804,0.7679500179909065,0.6795977011494253,0.7248030346751312,ROS
commons-bcel,Str,slw,3,RandomForest,0.82867951,0.7126034477118838,0.7701149425287356,0.7406892704275476,RUS
commons-bcel,StrEvo,slw,3,DT,0.91190658,0.8410912302508914,0.8175287356321839,0.8295844514981002,RUS
commons-bcel,StrEvo,slw,3,LogisticRegression,0.90617081,0.8316378266985052,0.8189655172413793,0.8254492858173424,ROS
commons-bcel,StrEvo,slw,3,MLP,0.90812367,0.8350397435478067,0.8692528735632183,0.851747775693743,RUS
commons-bcel,StrEvo,slw,3,RandomForest,0.90090784,0.8232638775309934,0.8721264367816092,0.8471259798970807,RUS
commons-bcel,Evo,slw,3,DT,0.91338469,0.8433155604985116,0.7543103448275862,0.7998497330832492,NONE
commons-bcel,Evo,slw,3,LogisticRegression,0.91360078,0.8436753786268032,0.7543103448275862,0.8000338335016592,ROS
commons-bcel,Evo,slw,3,MLP,0.91360078,0.8436753786268032,0.7543103448275862,0.8000338335016592,RUS
commons-bcel,Evo,slw,3,RandomForest,0.91336504,0.843282849759576,0.7543103448275862,0.7998329966815756,NONE
commons-bcel,Str,slw,4,DT,0.88869909,0.8024192189763806,0.600297176820208,0.7037030254231358,ENN
commons-bcel,Str,slw,4,LogisticRegression,0.81218109,0.6887024495434483,0.6894502228826151,0.6890676612585868,ADA
commons-bcel,Str,slw,4,MLP,0.86403517,0.7645136291654031,0.7176820208023774,0.7416411207231911,ROS
commons-bcel,Str,slw,4,RandomForest,0.82612458,0.7089187641093029,0.7682020802377415,0.7378726735740178,RUS
commons-bcel,StrEvo,slw,4,DT,0.92054307,0.8556555139997979,0.8603268945022289,0.8579370113413026,RUS
commons-bcel,StrEvo,slw,4,LogisticRegression,0.90895799,0.8363489335894067,0.8558692421991084,0.8458826318559495,SMOTE
commons-bcel,StrEvo,slw,4,MLP,0.92431222,0.8621584285184811,0.9034175334323924,0.8823093321164582,RUS
commons-bcel,StrEvo,slw,4,RandomForest,0.90947274,0.8373260554600896,0.8900445765230312,0.8630737258951087,RUS
commons-bcel,Evo,slw,4,DT,0.92541386,0.8636746521109202,0.7919762258543833,0.8286572158714101,NONE
commons-bcel,Evo,slw,4,LogisticRegression,0.92524105,0.8633714073924323,0.7890044576523031,0.8270506670803058,ROS
commons-bcel,Evo,slw,4,MLP,0.92524105,0.8633714073924323,0.7890044576523031,0.8270506670803058,SMOTE
commons-bcel,Evo,slw,4,RandomForest,0.92541386,0.8636746521109202,0.7919762258543833,0.8286572158714101,ENN
commons-csv,Str,slw,2,DT,0.91602519,0.8480050664977834,0.5521472392638037,0.705347777917866,ENN
commons-csv,Str,slw,2,LogisticRegression,0.861402,0.7625079164027866,0.7116564417177914,0.7379882558392192,ROS
commons-csv,Str,slw,2,MLP,0.88016529,0.7918513827316868,0.7975460122699386,0.7945972300090401,ROS
commons-csv,Str,slw,2,RandomForest,0.83984868,0.7318978256280346,0.8404907975460123,0.7842593909024334,RUS
commons-csv,StrEvo,slw,2,DT,0.96756214,0.9385687143761876,0.6503067484662577,0.7995740126240339,ENN
commons-csv,StrEvo,slw,2,LogisticRegression,0.86782737,0.7724298078952924,0.7361963190184049,0.754958675468975,ROS
commons-csv,StrEvo,slw,2,MLP,0.95288909,0.9123918091619168,0.7668711656441718,0.8422243891185441,ROS
commons-csv,StrEvo,slw,2,RandomForest,0.87587135,0.7857293645767364,0.8650306748466258,0.8239670208513845,RUS
commons-csv,Evo,slw,2,DT,0.85597725,0.7540637534304412,0.6748466257668712,0.71586668848466,ENN
commons-csv,Evo,slw,2,LogisticRegression,0.68826025,0.5347266202237703,0.6134969325153374,0.5727082388855655,RUS
commons-csv,Evo,slw,2,MLP,0.85153923,0.7475195271268735,0.6809815950920245,0.7154361407904373,SMOTE
commons-csv,Evo,slw,2,RandomForest,0.85587145,0.7538526493561326,0.6687116564417178,0.7127992038220833,ROS
commons-csv,Str,slw,3,DT,0.86200717,0.7632850241545893,0.6855345911949685,0.7258162148238779,RUS
commons-csv,Str,slw,3,LogisticRegression,0.84600339,0.7406675450153711,0.8113207547169812,0.7747161225234508,ROS
commons-csv,Str,slw,3,MLP,0.83882832,0.730566534914361,0.8427672955974843,0.7846373451821324,RUS
commons-csv,Str,slw,3,RandomForest,0.85577792,0.7547211242863416,0.7735849056603774,0.7638117929894607,RUS
commons-csv,StrEvo,slw,3,DT,0.8703751,0.7768994290733421,0.7987421383647799,0.7874256766909224,RUS
commons-csv,StrEvo,slw,3,LogisticRegression,0.86143959,0.7632850241545893,0.7861635220125787,0.7743104299482689,ROS
commons-csv,StrEvo,slw,3,MLP,0.88549811,0.800614844093105,0.8490566037735849,0.823959473672913,RUS
commons-csv,StrEvo,slw,3,RandomForest,0.86803069,0.7733860342555995,0.8050314465408805,0.7886363148517826,RUS
commons-csv,Evo,slw,3,DT,0.88302551,0.7955643390425999,0.6855345911949685,0.7425397643119326,ROS
commons-csv,Evo,slw,3,LogisticRegression,0.73198519,0.5867369345630216,0.6415094339622641,0.6131324189151479,RUS
commons-csv,Evo,slw,3,MLP,0.89052369,0.8072024593763725,0.660377358490566,0.7364457895979565,SMOTE
commons-csv,Evo,slw,3,RandomForest,0.88302551,0.7955643390425999,0.6855345911949685,0.7425397643119326,ROS
commons-csv,Str,slw,4,DT,0.87738707,0.7869565217391304,0.8,0.7932703659976387,RUS
commons-csv,Str,slw,4,LogisticRegression,0.88633694,0.8006864988558352,0.762962962962963,0.7824259915169006,ROS
commons-csv,Str,slw,4,MLP,0.92832936,0.8693363844393592,0.7481481481481481,0.8106738379465652,ROS
commons-csv,Str,slw,4,RandomForest,0.88132475,0.7933638443935926,0.8444444444444444,0.8180899908172636,RUS
commons-csv,StrEvo,slw,4,DT,0.87640449,0.7860411899313501,0.8888888888888888,0.8358257903712448,RUS
commons-csv,StrEvo,slw,4,LogisticRegression,0.88601645,0.8002288329519451,0.7703703703703704,0.7857755039573222,ROS
commons-csv,StrEvo,slw,4,MLP,0.98345829,0.968192219679634,0.7333333333333333,0.8545060999606454,ROS
commons-csv,StrEvo,slw,4,RandomForest,0.90010352,0.8233409610983982,0.8888888888888888,0.8550701823429095,RUS
commons-csv,Evo,slw,4,DT,0.87120308,0.7778032036613273,0.8518518518518519,0.8136472954654773,RUS
commons-csv,Evo,slw,4,LogisticRegression,0.80698835,0.6814645308924485,0.5037037037037037,0.5954173772355591,RUS
commons-csv,Evo,slw,4,MLP,0.88,0.7913043478260869,0.8444444444444444,0.8170274170274171,ADA
commons-csv,Evo,slw,4,RandomForest,0.90143023,0.8249427917620137,0.7925925925925926,0.8092833092833094,NONE
commons-io,Str,slw,2,DT,0.81758647,0.6957591918363161,0.671604938271605,0.6839382043683119,RUS
commons-io,Str,slw,2,LogisticRegression,0.80152219,0.6737090405620224,0.7160493827160493,0.6944302213119418,SMOTE
commons-io,Str,slw,2,MLP,0.87615819,0.7827290908158556,0.6814814814814815,0.7331789476950766,ROS
commons-io,Str,slw,2,RandomForest,0.80520694,0.6792472180913799,0.7851851851851852,0.7310928020605441,RUS
commons-io,StrEvo,slw,2,DT,0.8780759,0.7863186503256243,0.8123456790123457,0.799056165857241,RUS
commons-io,StrEvo,slw,2,LogisticRegression,0.84959252,0.7425773037280139,0.7481481481481481,0.7453036509488121,ROS
commons-io,StrEvo,slw,2,MLP,0.95822029,0.921029690785088,0.7432098765432099,0.8340054409946883,ROS
commons-io,StrEvo,slw,2,RandomForest,0.88718485,0.8008307266294036,0.8518518518518519,0.8258002451550839,RUS
commons-io,Evo,slw,2,DT,0.91527527,0.8459566176093534,0.6691358024691358,0.7594212736685855,NONE
commons-io,Evo,slw,2,LogisticRegression,0.90163701,0.8228295984821291,0.5209876543209877,0.6751094534696686,RUS
commons-io,Evo,slw,2,MLP,0.8699694,0.7733449566688888,0.7283950617283951,0.7513466720455968,ADA
commons-io,Evo,slw,2,RandomForest,0.91655637,0.8480590738936464,0.654320987654321,0.7532444904756732,ROS
commons-io,Str,slw,3,DT,0.82674619,0.7088367185439198,0.6767676767676768,0.693144331944914,RUS
commons-io,Str,slw,3,LogisticRegression,0.76051371,0.62025850699024,0.8282828282828283,0.7220513230804734,SMOTE
commons-io,Str,slw,3,MLP,0.85674889,0.7533632286995515,0.7575757575757576,0.7554245510223742,ROS
commons-io,Str,slw,3,RandomForest,0.82523294,0.7070957530994461,0.7449494949494949,0.725618774631383,RUS
commons-io,StrEvo,slw,3,DT,0.87992067,0.7891849116328146,0.803030303030303,0.7959598953052264,RUS
commons-io,StrEvo,slw,3,LogisticRegression,0.8507688,0.7445001318913216,0.7752525252525253,0.7595482411811417,ROS
commons-io,StrEvo,slw,3,MLP,0.96901175,0.9408599314165128,0.7752525252525253,0.8598230404698964,ROS
commons-io,StrEvo,slw,3,RandomForest,0.88818521,0.8025323133737801,0.8737373737373737,0.8373751796754113,RUS
commons-io,Evo,slw,3,DT,0.91017266,0.8375098918491163,0.6843434343434344,0.7625607467530523,NONE
commons-io,Evo,slw,3,LogisticRegression,0.91089282,0.8382484832498022,0.5505050505050505,0.697446608985485,RUS
commons-io,Evo,slw,3,MLP,0.87116193,0.775309944605645,0.75,0.762924995958834,SMOTE
commons-io,Evo,slw,3,RandomForest,0.91757414,0.8498549195462939,0.6767676767676768,0.7651579102627112,ENN
commons-io,Str,slw,4,DT,0.82078259,0.7001684141902537,0.684931506849315,0.6927040862037286,RUS
commons-io,Str,slw,4,LogisticRegression,0.76747824,0.6285108925952083,0.7780821917808219,0.7017835856365588,ROS
commons-io,Str,slw,4,MLP,0.85633235,0.7523768131689031,0.726027397260274,0.7394686371070243,ROS
commons-io,Str,slw,4,RandomForest,0.81485356,0.6922909762590319,0.7643835616438356,0.7276080317918767,RUS
commons-io,StrEvo,slw,4,DT,0.88959745,0.8043679035149671,0.8164383561643835,0.8102810337522949,RUS
commons-io,StrEvo,slw,4,LogisticRegression,0.85560114,0.7513989243222687,0.7506849315068493,0.7510491501564842,SMOTE
commons-io,StrEvo,slw,4,MLP,0.97294541,0.9481175639702288,0.7671232876712328,0.859451234790056,SMOTE
commons-io,StrEvo,slw,4,RandomForest,0.89376147,0.8112674525995546,0.8767123287671232,0.8433278970074394,RUS
commons-io,Evo,slw,4,DT,0.91695502,0.8487531917205411,0.6931506849315069,0.7725259022706531,NONE
commons-io,Evo,slw,4,LogisticRegression,0.89425357,0.8110501439669691,0.6109589041095891,0.713028504266301,RUS
commons-io,Evo,slw,4,MLP,0.8877989,0.801162601184332,0.7315068493150685,0.7670393131399641,ROS
commons-io,Evo,slw,4,RandomForest,0.91776208,0.8501113706742001,0.6931506849315069,0.7732187301167899,TL
easymock,Str,slw,2,DT,0.93805712,0.884321386104977,0.66,0.7736080523055747,NONE
easymock,Str,slw,2,LogisticRegression,0.85690532,0.751486325802616,0.58,0.6668496214728149,ROS
easymock,Str,slw,2,MLP,0.9284434,0.8677594700186853,0.7733333333333333,0.8211556549667356,ROS
easymock,Str,slw,2,RandomForest,0.83370888,0.7179378291149991,0.8533333333333334,0.784761986694196,RUS
easymock,StrEvo,slw,2,DT,0.95948656,0.922795991166978,0.6733333333333333,0.7996742372103693,ENN
easymock,StrEvo,slw,2,LogisticRegression,0.84072641,0.7273653813487345,0.6133333333333333,0.6710851112640513,SMOTE
easymock,StrEvo,slw,2,MLP,0.95155414,0.9085272634618652,0.8,0.8549638678596009,ROS
easymock,StrEvo,slw,2,RandomForest,0.87246307,0.776371666383557,0.9,0.8373881624225741,RUS
easymock,Evo,slw,2,DT,0.49757799,0.3393069475114659,0.9533333333333334,0.6423583390685937,NONE
easymock,Evo,slw,2,LogisticRegression,0.43963263,0.2900458637676236,0.9066666666666666,0.594377724248681,ROS
easymock,Evo,slw,2,MLP,0.49718974,0.3389672158994394,0.9533333333333334,0.642186281257169,SMOTE
easymock,Evo,slw,2,RandomForest,0.49757799,0.3393069475114659,0.9533333333333334,0.6423583390685937,NONE
easymock,Str,slw,3,DT,0.95724049,0.9185790908291568,0.656,0.7887485775248934,NONE
easymock,Str,slw,3,LogisticRegression,0.86772593,0.7679592016178669,0.624,0.6967795163584638,ADA
easymock,Str,slw,3,MLP,0.937117,0.8827046513672734,0.792,0.8378563300142248,ROS
easymock,Str,slw,3,RandomForest,0.85770771,0.7531873736041502,0.848,0.8000668563300142,RUS
easymock,StrEvo,slw,3,DT,0.98062243,0.962279082036402,0.712,0.838530227596017,ENN
easymock,StrEvo,slw,3,LogisticRegression,0.86894201,0.7700694627626835,0.712,0.7413573968705548,ADA
easymock,StrEvo,slw,3,MLP,0.97542138,0.9524311966939242,0.776,0.865195945945946,ROS
easymock,StrEvo,slw,3,RandomForest,0.87415034,0.778598434889651,0.88,0.828735775248933,RUS
easymock,Evo,slw,3,DT,0.9296214,0.8690758814736657,0.4,0.6371443812233285,SMOTE
easymock,Evo,slw,3,LogisticRegression,0.8894884,0.801899235030335,0.424,0.6150494310099573,ADA
easymock,Evo,slw,3,MLP,0.92774621,0.86582256220874,0.4,0.6354996443812233,SMOTE
easymock,Evo,slw,3,RandomForest,0.92967199,0.8691638090213664,0.4,0.6371888335704124,NONE
easymock,Str,slw,4,DT,0.9591554,0.9220530586197464,0.5769230769230769,0.7515577650507071,ENN
easymock,Str,slw,4,LogisticRegression,0.86156744,0.7587747287811104,0.6846153846153846,0.7221397801386731,ADA
easymock,Str,slw,4,MLP,0.94324587,0.8935180964536421,0.7307692307692307,0.8131196462915257,ROS
easymock,Str,slw,4,RandomForest,0.86708696,0.767435500045583,0.7461538461538462,0.7569222962663316,RUS
easymock,StrEvo,slw,4,DT,0.8812529,0.7898623393199016,0.8538461538461538,0.8214705444016267,RUS
easymock,StrEvo,slw,4,LogisticRegression,0.88840061,0.8008934269304403,0.7076923076923077,0.7548517816715989,ROS
easymock,StrEvo,slw,4,MLP,0.97491513,0.9514996809189534,0.7615384615384615,0.8576582426706977,ROS
easymock,StrEvo,slw,4,RandomForest,0.87735069,0.7835718844014952,0.8,0.7916874250392103,RUS
easymock,Evo,slw,4,DT,0.92523042,0.8617011578083691,0.5076923076923077,0.6868196753887316,RUS
easymock,Evo,slw,4,LogisticRegression,0.91146691,0.8381803263743276,0.4384615384615384,0.6407179912992257,ROS
easymock,Evo,slw,4,MLP,0.92824142,0.8668976205670526,0.5076923076923077,0.6894490692442534,RUS
easymock,Evo,slw,4,RandomForest,0.52506291,0.3633877290546084,0.9692307692307692,0.6626760913226455,SMOTE
pdfbox,Str,slw,2,DT,0.90192574,0.8381447479998525,0.8666212997618238,0.8506526942077395,ENN
pdfbox,Str,slw,2,LogisticRegression,0.8178492,0.7099878332042916,0.5437223545423614,0.6369579354584118,SMOTE
pdfbox,Str,slw,2,MLP,0.88582882,0.8141429782841131,0.8594760122490643,0.8340549098625408,ROS
pdfbox,Str,slw,2,RandomForest,0.90866334,0.8482100062677432,0.8598162640353861,0.8533079004596381,ROS
pdfbox,StrEvo,slw,2,DT,0.95690688,0.9257456771006156,0.9350119088125212,0.9298157460040112,ENN
pdfbox,StrEvo,slw,2,LogisticRegression,0.87651992,0.7996902997456034,0.8189860496767608,0.8081657009879007,ROS
pdfbox,StrEvo,slw,2,MLP,0.93657326,0.8926003760645946,0.9197005784280368,0.9045037791247033,ROS
pdfbox,StrEvo,slw,2,RandomForest,0.96897425,0.9458024554805884,0.9179993194964272,0.9335902981868508,ROS
pdfbox,Evo,slw,2,DT,0.89450296,0.824945618110091,0.7642055120789384,0.7982663352654037,NONE
pdfbox,Evo,slw,2,LogisticRegression,0.89450296,0.824945618110091,0.7642055120789384,0.7982663352654037,RUS
pdfbox,Evo,slw,2,MLP,0.89450296,0.824945618110091,0.7642055120789384,0.7982663352654037,RUS
pdfbox,Evo,slw,2,RandomForest,0.89450296,0.824945618110091,0.7642055120789384,0.7982663352654037,NONE
pdfbox,Str,slw,3,DT,0.94886544,0.9104394732666984,0.8162932790224032,0.86844456981836,TL
pdfbox,Str,slw,3,LogisticRegression,0.82029839,0.7119228938600667,0.5588594704684318,0.6436473386090017,RUS
pdfbox,Str,slw,3,MLP,0.90858438,0.8464223385689355,0.8545824847250509,0.8500622578742362,ROS
pdfbox,Str,slw,3,RandomForest,0.91424528,0.8557829604950024,0.8936863543788187,0.8726901693236977,RUS
pdfbox,StrEvo,slw,3,DT,0.97369065,0.953077899412978,0.8708757637474541,0.9164107693369252,ADA
pdfbox,StrEvo,slw,3,LogisticRegression,0.88393136,0.8087022052990639,0.8244399185336049,0.815722178364223,RUS
pdfbox,StrEvo,slw,3,MLP,0.96262817,0.9340790099952404,0.8737270875763747,0.907158398118723,ROS
pdfbox,StrEvo,slw,3,RandomForest,0.98589625,0.9746152625733776,0.8973523421588595,0.9401513215825716,ADA
pdfbox,Evo,slw,3,DT,0.90562503,0.840155481516738,0.7519348268839103,0.8008037275431108,NONE
pdfbox,Evo,slw,3,LogisticRegression,0.90562503,0.840155481516738,0.7519348268839103,0.8008037275431108,RUS
pdfbox,Evo,slw,3,MLP,0.90562503,0.840155481516738,0.7519348268839103,0.8008037275431108,RUS
pdfbox,Evo,slw,3,RandomForest,0.90562503,0.840155481516738,0.7519348268839103,0.8008037275431108,NONE
pdfbox,Str,slw,4,DT,0.93425944,0.8846104314230522,0.7692700357325166,0.8322353178287629,ENN
pdfbox,Str,slw,4,LogisticRegression,0.80987721,0.6975745868212063,0.6355283307810107,0.6693998984238761,SMOTE
pdfbox,Str,slw,4,MLP,0.93457396,0.8849967804249839,0.7565084226646248,0.8266512866978917,ROS
pdfbox,Str,slw,4,RandomForest,0.89936675,0.8301352221506761,0.8453292496171516,0.8370347035487332,RUS
pdfbox,StrEvo,slw,4,DT,0.96470532,0.9366816913500752,0.8483920367534457,0.8965900941172552,ENN
pdfbox,StrEvo,slw,4,LogisticRegression,0.89240911,0.8192315947628246,0.8269525267993875,0.8227376057319022,RUS
pdfbox,StrEvo,slw,4,MLP,0.96333773,0.9343635973384846,0.8565594691168964,0.899033390351474,ROS
pdfbox,StrEvo,slw,4,RandomForest,0.94227877,0.899506331830865,0.9423175089331292,0.9189465309944984,RUS
pdfbox,Evo,slw,4,DT,0.91907014,0.859669456965014,0.7473200612557427,0.8086525315652542,RUS
pdfbox,Evo,slw,4,LogisticRegression,0.91907014,0.859669456965014,0.7473200612557427,0.8086525315652542,RUS
pdfbox,Evo,slw,4,MLP,0.91907014,0.859669456965014,0.7473200612557427,0.8086525315652542,RUS
pdfbox,Evo,slw,4,RandomForest,0.91907014,0.859669456965014,0.7473200612557427,0.8086525315652542,RUS
wro4j,Str,slw,2,DT,0.92156962,0.8556020455602046,0.25,0.5618476491429666,SMOTE
wro4j,Str,slw,2,LogisticRegression,0.84382872,0.7348210134821014,0.6346153846153846,0.686215094395215,ROS
wro4j,Str,slw,2,MLP,0.87615869,0.7826127382612739,0.469551282051282,0.6307585961151746,ROS
wro4j,Str,slw,2,RandomForest,0.96559888,0.9337982333798234,0.1618589743589743,0.5593600148056483,SMOTE
wro4j,StrEvo,slw,2,DT,0.93685128,0.8820548582054858,0.2467948717948718,0.5739145286868642,ADA
wro4j,StrEvo,slw,2,LogisticRegression,0.83433211,0.7211064621106462,0.6490384615384616,0.6861490306351697,SMOTE
wro4j,StrEvo,slw,2,MLP,0.89228283,0.8078568107856811,0.4150641025641026,0.6173280869039991,ROS
wro4j,StrEvo,slw,2,RandomForest,0.97157399,0.9449558344955834,0.1474358974358974,0.5581094071111308,ADA
wro4j,Evo,slw,2,DT,0.82791032,0.7105997210599722,0.4983974358974359,0.607668506323706,ROS
wro4j,Evo,slw,2,LogisticRegression,0.76424614,0.6241748024174802,0.5176282051282052,0.5724931220029612,ADA
wro4j,Evo,slw,2,MLP,0.72977035,0.5820548582054859,0.6105769230769231,0.5958898213009819,SMOTE
wro4j,Evo,slw,2,RandomForest,0.82757286,0.7100883310088331,0.4951923076923077,0.6058504868922134,ROS
wro4j,Str,slw,3,DT,0.91618512,0.8464996487941934,0.2402985074626865,0.5532166939053824,ROS
wro4j,Str,slw,3,LogisticRegression,0.83379355,0.7209552797939592,0.6701492537313433,0.6963750861356741,NONE
wro4j,Str,slw,3,MLP,0.8816959,0.791196441114493,0.417910447761194,0.6105989270471428,ROS
wro4j,Str,slw,3,RandomForest,0.92048058,0.8537110746897683,0.2238805970149253,0.5489961360709145,ROS
wro4j,StrEvo,slw,3,DT,0.94037419,0.8882228986185905,0.2164179104477611,0.563200494986994,ROS
wro4j,StrEvo,slw,3,LogisticRegression,0.82613579,0.7100444860688363,0.6746268656716418,0.6929092752336938,ROS
wro4j,StrEvo,slw,3,MLP,0.95157978,0.9083586981971437,0.2507462686567164,0.590202720985356,ADA
wro4j,StrEvo,slw,3,RandomForest,0.9443133,0.8950597049871225,0.1686567164179104,0.5436225327315561,ROS
wro4j,Evo,slw,3,DT,0.8853636,0.7966284242566144,0.3597014925373134,0.5852411257707114,ROS
wro4j,Evo,slw,3,LogisticRegression,0.76194682,0.6214001404823226,0.4940298507462686,0.5597777970192547,ADA
wro4j,Evo,slw,3,MLP,0.85625916,0.7519082182158745,0.4134328358208955,0.5881522409706362,ROS
wro4j,Evo,slw,3,RandomForest,0.88662783,0.7985951767735894,0.3522388059701492,0.582645871440477,ROS
wro4j,Str,slw,4,DT,0.92326164,0.8583085703504552,0.2032258064516129,0.5406343307560527,ROS
wro4j,Str,slw,4,LogisticRegression,0.83196767,0.7175604924296024,0.6274193548387097,0.6738476687706012,NONE
wro4j,Str,slw,4,MLP,0.90620851,0.8300551860761285,0.3096774193548387,0.5777044596409779,ROS
wro4j,Str,slw,4,RandomForest,0.93016179,0.8701004669591057,0.1725806451612903,0.5318469038935065,ROS
wro4j,StrEvo,slw,4,DT,0.94537185,0.8968916560539597,0.1612903225806451,0.5401709374916734,ROS
wro4j,StrEvo,slw,4,LogisticRegression,0.83072426,0.7159096269043913,0.6435483870967742,0.6808189435605342,ROS
wro4j,StrEvo,slw,4,MLP,0.93318118,0.8757134097448234,0.267741935483871,0.5808852041735958,ROS
wro4j,StrEvo,slw,4,RandomForest,0.9499503,0.9050044809207112,0.1193548387096774,0.5240134574482258,ROS
wro4j,Evo,slw,4,DT,0.8982133,0.816470921182963,0.2290322580645161,0.5315998470245811,ROS
wro4j,Evo,slw,4,LogisticRegression,0.77384308,0.6367152492806943,0.5193548387096775,0.5798027776950555,SMOTE
wro4j,Evo,slw,4,MLP,0.81581108,0.693174850242913,0.4677419354838709,0.5838539617655495,ROS
wro4j,Evo,slw,4,RandomForest,0.84253444,0.7303900759398142,0.3112903225806451,0.5271528625682003,SMOTE
Openfire,Str,slw,2,DT,0.85828614,0.7539221193932764,0.7529291900152827,0.7534314854361392,RUS
Openfire,Str,slw,2,LogisticRegression,0.85242828,0.7449336211229709,0.7111563932755985,0.7282433556044265,SMOTE
Openfire,Str,slw,2,MLP,0.90012925,0.8199698412229088,0.7468160978094753,0.7838225467568634,ROS
Openfire,Str,slw,2,RandomForest,0.86224746,0.7601726737825611,0.825776872134488,0.7925895285514789,RUS
Openfire,StrEvo,slw,2,DT,0.86307783,0.7613317169805742,0.7855323484462557,0.7732899204987498,RUS
Openfire,StrEvo,slw,2,LogisticRegression,0.84788666,0.7381685934774252,0.7269485481406012,0.7326244577464561,ADA
Openfire,StrEvo,slw,2,MLP,0.92885981,0.8682948463972089,0.7300050942435048,0.7999620426405328,ROS
Openfire,StrEvo,slw,2,RandomForest,0.87345991,0.7775287543242364,0.8364747834946511,0.80665562295193,RUS
Openfire,Evo,slw,2,DT,0.51867568,0.3560805416752905,0.7870606214977076,0.5690397578058473,NONE
Openfire,Evo,slw,2,LogisticRegression,0.70963362,0.5523373052245646,0.4574630667345899,0.5054573114482083,RUS
Openfire,Evo,slw,2,MLP,0.44320928,0.2915171047573992,0.8217014773306164,0.5534959146234755,SMOTE
Openfire,Evo,slw,2,RandomForest,0.51999912,0.3572691523018243,0.7860417727967397,0.5691376015268235,NONE
Openfire,Str,slw,3,DT,0.91213654,0.8400984157465194,0.8449573507275464,0.842498475299393,RUS
Openfire,Str,slw,3,LogisticRegression,0.86707167,0.7671927508401344,0.6613146011038635,0.7148944867745777,ROS
Openfire,Str,slw,3,MLP,0.97262616,0.9472575612097937,0.8575012543903663,0.9029226436910804,ROS
Openfire,Str,slw,3,RandomForest,0.90973703,0.8361437830052808,0.870546914199699,0.853137129076867,RUS
Openfire,StrEvo,slw,3,DT,0.90918891,0.8351956313010082,0.8524836929252383,0.8437350288467501,RUS
Openfire,StrEvo,slw,3,LogisticRegression,0.8697222,0.7713454152664426,0.6778725539387858,0.725174714353615,ROS
Openfire,StrEvo,slw,3,MLP,0.97852552,0.95837734037446,0.8419468138484696,0.9008667545102824,ROS
Openfire,StrEvo,slw,3,RandomForest,0.91105468,0.8383521363418147,0.8765679879578525,0.8572287667351866,RUS
Openfire,Evo,slw,3,DT,0.53084678,0.3674567930868939,0.8023080782739589,0.582250566859926,SMOTE
Openfire,Evo,slw,3,LogisticRegression,0.3278903,0.2046567450792126,0.8906171600602107,0.5434852853451126,RUS
Openfire,Evo,slw,3,MLP,0.45698867,0.3031865098415746,0.8339187155042649,0.5653404397032157,ADA
Openfire,Evo,slw,3,RandomForest,0.53085332,0.3674627940470475,0.8023080782739589,0.5822536036598678,SMOTE
Openfire,Str,slw,4,DT,0.91132783,0.8387385086823289,0.8482051282051282,0.8434150264153586,RUS
Openfire,Str,slw,4,LogisticRegression,0.87322494,0.7768009144413639,0.6835897435897436,0.7307545203347617,ADA
Openfire,Str,slw,4,MLP,0.96970982,0.941801644048835,0.862051282051282,0.9024049004489806,ROS
Openfire,Str,slw,4,RandomForest,0.90622417,0.8303297825769735,0.8861538461538462,0.8579069153241266,RUS
Openfire,StrEvo,slw,4,DT,0.91161842,0.8392309937253758,0.8517948717948718,0.84543755969606,RUS
Openfire,StrEvo,slw,4,LogisticRegression,0.88093735,0.7889488788365193,0.6892307692307692,0.7396880517004562,SMOTE
Openfire,StrEvo,slw,4,MLP,0.97641756,0.9543873729266988,0.8523076923076923,0.9039599277920244,ROS
Openfire,StrEvo,slw,4,RandomForest,0.90802758,0.8333394133955931,0.8969230769230769,0.8647497948206776,RUS
Openfire,Evo,slw,4,DT,0.54366259,0.3792560435818863,0.8005128205128205,0.5873572335295671,ADA
Openfire,Evo,slw,4,LogisticRegression,0.35699791,0.225521669341894,0.8876923076923077,0.5526345025004898,ROS
Openfire,Evo,slw,4,MLP,0.53146015,0.3679532078408483,0.8005128205128205,0.5816380078247394,SMOTE
Openfire,Evo,slw,4,RandomForest,0.54366259,0.3792560435818863,0.8005128205128205,0.5873572335295671,ADA
