Dataset,Algoritm,window,model,resample,F1-Score(micro),F1-Score(macro),F1-Score(weighted),F1-Score(None),Accuracy,precision,Sensitivity,Specificity,ROC AUC score,Confusion matrix
pdfbox,RandomForest,2,model1,NONE,0.8628838992736791,0.7315278814619421,0.8786214192233986,[0.9193188  0.54373696],0.8628838992736791,0.42517267843438217,0.7539979584892821,0.8761164406218988,0.8150571995555904,"[21188, 2996, 723, 2216]"
pdfbox,DT,2,model1,NONE,0.8407255834531578,0.7207308549577984,0.8641184474480347,[0.90379048 0.53767123],0.8407255834531578,0.3921935987509758,0.854712487240558,0.8390258021832616,0.8468691447119099,"[20291, 3893, 427, 2512]"
pdfbox,LogisticRegression,2,model1,NONE,0.8902776241566198,0.49090681578227036,0.8440947117117152,[0.94181363 0.04      ],0.8902776241566198,0.38509316770186336,0.02109561075195645,0.9959063843863711,0.5085009975691638,"[24085, 99, 2877, 62]"
pdfbox,MLP,2,model1,NONE,0.9033661468126682,0.6928852834754998,0.8920331387172449,[0.94713274 0.43863782],0.9033661468126682,0.5919075144508671,0.34841782919360326,0.9708071452199801,0.6596124872067918,"[23478, 706, 1915, 1024]"
pdfbox,RandomForest,2,model2,NONE,0.9507060428418685,0.8819104459337024,0.952510506619336,[0.97204391 0.79177698],0.9507060428418685,0.730040206777714,0.8649200408302143,0.9611313264968574,0.9130256836635359,"[23244, 940, 397, 2542]"
pdfbox,DT,2,model2,NONE,0.9365483169265937,0.8596938559200944,0.9410315576279293,[0.96353582 0.75585189],0.9365483169265937,0.6481751824817519,0.9064307587614835,0.9402084022494211,0.9233195805054524,"[22738, 1446, 275, 2664]"
pdfbox,LogisticRegression,2,model2,NONE,0.9052096007078864,0.6415416213570426,0.8823474945110564,[0.94897291 0.33411033],0.9052096007078863,0.6995661605206074,0.21946240217761143,0.9885461462123718,0.6040042741949916,"[23907, 277, 2294, 645]"
pdfbox,MLP,2,model2,NONE,0.9471297422851455,0.8559948417232466,0.9457274719516167,[0.97055441 0.74143527],0.9471297422851455,0.7886459532029152,0.6995576726777816,0.9772163413827324,0.8383870070302569,"[23633, 551, 883, 2056]"
pdfbox,RandomForest,2,model3,NONE,0.824945618110091,0.69032507065436,0.8502542509203671,[0.89450296 0.48614719],0.824945618110091,0.3564513569274718,0.7642055120789384,0.832327158451869,0.7982663352654037,"[20129, 4055, 693, 2246]"
pdfbox,DT,2,model3,NONE,0.824945618110091,0.69032507065436,0.8502542509203671,[0.89450296 0.48614719],0.824945618110091,0.3564513569274718,0.7642055120789384,0.832327158451869,0.7982663352654037,"[20129, 4055, 693, 2246]"
pdfbox,LogisticRegression,2,model3,NONE,0.8916417800390813,0.4713586840002339,0.8405661920776947,[0.94271737 0.        ],0.8916417800390812,nan,0.0,1.0,0.5,"[24184, 0, 2939, 0]"
pdfbox,MLP,2,model3,NONE,0.8916417800390813,0.4713586840002339,0.8405661920776947,[0.94271737 0.        ],0.8916417800390812,nan,0.0,1.0,0.5,"[24184, 0, 2939, 0]"
pdfbox,RandomForest,2,model1,RUS,0.8159495631014269,0.6988075701506578,0.8459362512171129,[0.88664335 0.51097179],0.8159495631014269,0.3587838767368276,0.8873766587274583,0.8072692689381409,0.8473229638327996,"[19523, 4661, 331, 2608]"
pdfbox,DT,2,model1,RUS,0.8069166390148582,0.679440656575285,0.837779480647358,[0.88158817 0.47729314],0.8069166390148582,0.33771186440677964,0.8135420210956108,0.8061114786635792,0.809826749879595,"[19495, 4689, 548, 2391]"
pdfbox,LogisticRegression,2,model1,RUS,0.712789883125023,0.553598610749829,0.762403857499906,[0.82017544 0.28702178],0.712789883125023,0.19631901840490798,0.533514800952705,0.7345765795567317,0.6340456902547184,"[17765, 6419, 1371, 1568]"
pdfbox,MLP,2,model1,RUS,0.7352800206466836,0.6198680852261921,0.7839314219949003,[0.82932395 0.41041222],0.7352800206466836,0.270483818595086,0.8502892140183737,0.7213033410519352,0.7857962775351545,"[17444, 6740, 440, 2499]"
pdfbox,RandomForest,2,model2,RUS,0.8994948936327103,0.8049608081934436,0.9113197895606637,[0.94074686 0.66917476],0.8994948936327103,0.5200905489530278,0.9380741748894181,0.8948064836255375,0.9164403292574779,"[21640, 2544, 182, 2757]"
pdfbox,DT,2,model2,RUS,0.8810972237584338,0.7768155720215919,0.8963119954924228,[0.92937389 0.62425725],0.8810972237584338,0.47466335931963144,0.9115345355563117,0.8773982798544492,0.8944664077053806,"[21219, 2965, 260, 2679]"
pdfbox,LogisticRegression,2,model2,RUS,0.8016074917966302,0.6744789647303943,0.8338208855281632,[0.87790711 0.47105082],0.8016074917966302,0.3312137130218413,0.8152432800272201,0.7999503804168046,0.8075968302220123,"[19346, 4838, 543, 2396]"
pdfbox,MLP,2,model2,RUS,0.8671975813884895,0.7493718303684946,0.8839746200883306,[0.9212161  0.57752756],0.8671975813884895,0.4406658313943082,0.8376998979244641,0.8707823354283823,0.8542411166764231,"[21059, 3125, 477, 2462]"
pdfbox,RandomForest,2,model3,RUS,0.824945618110091,0.69032507065436,0.8502542509203671,[0.89450296 0.48614719],0.824945618110091,0.3564513569274718,0.7642055120789384,0.832327158451869,0.7982663352654037,"[20129, 4055, 693, 2246]"
pdfbox,DT,2,model3,RUS,0.824945618110091,0.69032507065436,0.8502542509203671,[0.89450296 0.48614719],0.824945618110091,0.3564513569274718,0.7642055120789384,0.832327158451869,0.7982663352654037,"[20129, 4055, 693, 2246]"
pdfbox,LogisticRegression,2,model3,RUS,0.824945618110091,0.69032507065436,0.8502542509203671,[0.89450296 0.48614719],0.824945618110091,0.3564513569274718,0.7642055120789384,0.832327158451869,0.7982663352654037,"[20129, 4055, 693, 2246]"
pdfbox,MLP,2,model3,RUS,0.824945618110091,0.69032507065436,0.8502542509203671,[0.89450296 0.48614719],0.824945618110091,0.3564513569274718,0.7642055120789384,0.832327158451869,0.7982663352654037,"[20129, 4055, 693, 2246]"
pdfbox,RandomForest,2,model1,ENN,0.8508277107989529,0.7297889481119295,0.8714442399802607,[0.91063698 0.54894091],0.8508277107989529,0.40822417509534076,0.8376998979244641,0.852423089646047,0.8450614937852555,"[20615, 3569, 477, 2462]"
pdfbox,DT,2,model1,ENN,0.8381447479998525,0.7195204409370627,0.8623955134212721,[0.90192574 0.53711514],0.8381447479998525,0.3891520244461421,0.8666212997618238,0.8346840886536553,0.8506526942077395,"[20186, 3998, 392, 2547]"
pdfbox,LogisticRegression,2,model1,ENN,0.885595251262766,0.513029110348195,0.846664570798796,[0.93897378 0.08708444],0.885595251262766,0.3217391304347826,0.05035726437563797,0.9870989083691697,0.5187280863724039,"[23872, 312, 2791, 148]"
pdfbox,MLP,2,model1,ENN,0.8735021937101353,0.7210917969910736,0.8825860053849122,[0.92726772 0.51491588],0.8735021937101353,0.4404934687953556,0.6195985028921401,0.9043582533906716,0.7619783781414059,"[21871, 2313, 1118, 1821]"
pdfbox,RandomForest,2,model2,ENN,0.934446779486045,0.8568898429692509,0.9394108584597749,[0.96224251 0.75153717],0.934446779486045,0.6376571022053592,0.9149370534195305,0.9368177307310619,0.9258773920752962,"[22656, 1528, 250, 2689]"
pdfbox,DT,2,model2,ENN,0.9257456771006157,0.8443655577796305,0.9325173262482139,[0.95690688 0.73182423],0.9257456771006157,0.6011813607525706,0.9350119088125213,0.9246195831955012,0.9298157460040113,"[22361, 1823, 191, 2748]"
pdfbox,LogisticRegression,2,model2,ENN,0.9012646093721196,0.6777406365295775,0.887965383222207,[0.94612971 0.40935157],0.9012646093721196,0.5818181818181818,0.31575365770670294,0.9724197816738339,0.6440867196902684,"[23517, 667, 2011, 928]"
pdfbox,MLP,2,model2,ENN,0.934336172252332,0.837539869581337,0.9357648146637445,[0.96294138 0.71213835],0.934336172252332,0.6782635467980296,0.7495746852670977,0.9567896129672511,0.8531821491171744,"[23139, 1045, 736, 2203]"
pdfbox,RandomForest,2,model3,ENN,0.5151716255576448,0.45923950947167713,0.5954630342047259,[0.63315293 0.28532609],0.5151716255576448,0.16978203221007696,0.8931609390949302,0.4692358584187893,0.6811983987568597,"[11348, 12836, 314, 2625]"
pdfbox,DT,2,model3,ENN,0.5151716255576448,0.45923950947167713,0.5954630342047259,[0.63315293 0.28532609],0.5151716255576448,0.16978203221007696,0.8931609390949302,0.4692358584187893,0.6811983987568597,"[11348, 12836, 314, 2625]"
pdfbox,LogisticRegression,2,model3,ENN,0.5356708328724699,0.44835150722213396,0.6202631996919131,[0.66782719 0.22887583],0.5356708328724699,0.13955051146121109,0.6359305886355904,0.5234866027125372,0.5797085956740637,"[12660, 11524, 1070, 1869]"
pdfbox,MLP,2,model3,ENN,0.5356708328724699,0.44835150722213396,0.6202631996919131,[0.66782719 0.22887583],0.5356708328724699,0.13955051146121109,0.6359305886355904,0.5234866027125372,0.5797085956740637,"[12660, 11524, 1070, 1869]"
pdfbox,RandomForest,2,model1,TL,0.8624046012609224,0.7311051200278651,0.8782827425043227,[0.91900339 0.54320685],0.8624046012609224,0.4242018734467597,0.7550187138482477,0.8754548461792921,0.8152367800137701,"[21172, 3012, 720, 2219]"
pdfbox,DT,2,model1,TL,0.8404674999078273,0.7209164621844968,0.863991146526101,[0.9035766  0.53825632],0.8404674999078273,0.39210199004975127,0.8581150051037768,0.838322858087992,0.8482189315958844,"[20274, 3910, 417, 2522]"
pdfbox,LogisticRegression,2,model1,TL,0.8903144932345243,0.49061477798788933,0.8440494092379833,[0.9418366  0.03939296],0.8903144932345242,0.3860759493670886,0.02075535896563457,0.995989083691697,0.5083722213286658,"[24087, 97, 2878, 61]"
pdfbox,MLP,2,model1,TL,0.9034030158905726,0.7042560799536945,0.8943480354723615,[0.94694208 0.46157008],0.9034030158905726,0.5827711468604048,0.3821027560394692,0.9667548792590143,0.6744288176492418,"[23380, 804, 1816, 1123]"
pdfbox,RandomForest,2,model2,TL,0.9497474468163551,0.879743702442479,0.9516113717776968,[0.97149549 0.78799191],0.9497474468163551,0.7257879656160459,0.8618577747533175,0.9604283824015878,0.9111430785774527,"[23227, 957, 406, 2533]"
pdfbox,DT,2,model2,TL,0.937801865575342,0.862332806075198,0.9421724718993469,[0.96426226 0.76040335],0.937801865575342,0.6526084836665041,0.9108540319836679,0.9410767449553423,0.925965388469505,"[22759, 1425, 262, 2677]"
pdfbox,LogisticRegression,2,model2,TL,0.9050989934741732,0.6420647420927823,0.8824054874627728,[0.94890221 0.33522727],0.9050989934741732,0.6956055734190782,0.22082340932289896,0.9882566986437314,0.6045400539833151,"[23900, 284, 2290, 649]"
pdfbox,MLP,2,model2,TL,0.94513881207831,0.8505720533362557,0.943683736585778,[0.96944559 0.73169852],0.94513881207831,0.778289221327196,0.6903708744470909,0.9760999007608336,0.8332353876039622,"[23606, 578, 910, 2029]"
pdfbox,RandomForest,2,model3,TL,0.824945618110091,0.69032507065436,0.8502542509203671,[0.89450296 0.48614719],0.824945618110091,0.3564513569274718,0.7642055120789384,0.832327158451869,0.7982663352654037,"[20129, 4055, 693, 2246]"
pdfbox,DT,2,model3,TL,0.824945618110091,0.69032507065436,0.8502542509203671,[0.89450296 0.48614719],0.824945618110091,0.3564513569274718,0.7642055120789384,0.832327158451869,0.7982663352654037,"[20129, 4055, 693, 2246]"
pdfbox,LogisticRegression,2,model3,TL,0.8916417800390813,0.4713586840002339,0.8405661920776947,[0.94271737 0.        ],0.8916417800390812,nan,0.0,1.0,0.5,"[24184, 0, 2939, 0]"
pdfbox,MLP,2,model3,TL,0.8916417800390813,0.4713586840002339,0.8405661920776947,[0.94271737 0.        ],0.8916417800390812,nan,0.0,1.0,0.5,"[24184, 0, 2939, 0]"
pdfbox,RandomForest,2,model1,ROS,0.8482100062677432,0.7298741402717929,0.869916780260873,[0.90866334 0.55108494],0.8482100062677432,0.4054878048780488,0.8598162640353861,0.8467995368838902,0.8533079004596381,"[20479, 3705, 412, 2527]"
pdfbox,DT,2,model1,ROS,0.846550897762047,0.7232279787584408,0.8679391311600765,[0.90797736 0.5384786 ],0.846550897762047,0.399407797335088,0.8261313371895203,0.8490324181276877,0.837581877658604,"[20533, 3651, 511, 2428]"
pdfbox,LogisticRegression,2,model1,ROS,0.7102459167496221,0.5530888742174684,0.7606741371244322,[0.81810818 0.28806957],0.7102459167496221,0.1962962962962963,0.5410003402517863,0.7308137611644062,0.6359070507080962,"[17674, 6510, 1349, 1590]"
pdfbox,MLP,2,model1,ROS,0.8141429782841131,0.6931868773173735,0.8440801459631974,[0.88582882 0.50054493],0.8141429782841131,0.3530891808778306,0.8594760122490643,0.8086338074760172,0.8340549098625408,"[19556, 4628, 413, 2526]"
pdfbox,RandomForest,2,model2,ROS,0.9458024554805884,0.877437897288958,0.9491368180956515,[0.96897425 0.78590154],0.9458024554805884,0.6870384517443341,0.9179993194964273,0.9491812768772743,0.9335902981868508,"[22955, 1229, 241, 2698]"
pdfbox,DT,2,model2,ROS,0.938318032666003,0.8623085274106423,0.9424406204609669,[0.96461132 0.76000574],0.938318032666003,0.6569940476190477,0.9013269819666553,0.9428134303671849,0.92207020616692,"[22801, 1383, 290, 2649]"
pdfbox,LogisticRegression,2,model2,ROS,0.7996902997456034,0.6731579793860171,0.8324480449252094,[0.87651992 0.46979604],0.7996902997456034,0.32936507936507936,0.8189860496767608,0.7973453522990407,0.8081657009879007,"[19283, 4901, 532, 2407]"
pdfbox,MLP,2,model2,ROS,0.8926003760645946,0.7932054892204127,0.9055031052066201,[0.93657326 0.64983772],0.8926003760645946,0.5024163568773234,0.9197005784280368,0.8893069798213695,0.9045037791247031,"[21507, 2677, 236, 2703]"
pdfbox,RandomForest,2,model3,ROS,0.824945618110091,0.69032507065436,0.8502542509203671,[0.89450296 0.48614719],0.824945618110091,0.3564513569274718,0.7642055120789384,0.832327158451869,0.7982663352654037,"[20129, 4055, 693, 2246]"
pdfbox,DT,2,model3,ROS,0.824945618110091,0.69032507065436,0.8502542509203671,[0.89450296 0.48614719],0.824945618110091,0.3564513569274718,0.7642055120789384,0.832327158451869,0.7982663352654037,"[20129, 4055, 693, 2246]"
pdfbox,LogisticRegression,2,model3,ROS,0.824945618110091,0.69032507065436,0.8502542509203671,[0.89450296 0.48614719],0.824945618110091,0.3564513569274718,0.7642055120789384,0.832327158451869,0.7982663352654037,"[20129, 4055, 693, 2246]"
pdfbox,MLP,2,model3,ROS,0.824945618110091,0.69032507065436,0.8502542509203671,[0.89450296 0.48614719],0.824945618110091,0.3564513569274718,0.7642055120789384,0.832327158451869,0.7982663352654037,"[20129, 4055, 693, 2246]"
pdfbox,RandomForest,2,model1,SMOTE,0.8693728569848468,0.7399068277234364,0.8836414531236594,[0.9234095  0.55640416],0.8693728569848468,0.4401743264659271,0.7560394692072133,0.8831458815745947,0.8195926753909041,"[21358, 2826, 717, 2222]"
pdfbox,DT,2,model1,SMOTE,0.8041514581720312,0.660782450323548,0.8335196233367065,[0.881312  0.4402529],0.8041514581720312,0.3188826133414746,0.7107859816264035,0.8154978498180615,0.7631419157222324,"[19722, 4462, 850, 2089]"
pdfbox,LogisticRegression,2,model1,SMOTE,0.7099878332042916,0.5533831083035032,0.7605350527974483,[0.8178492  0.28891701],0.7099878332042916,0.19672534777791456,0.5437223545423614,0.7301935163744625,0.6369579354584118,"[17659, 6525, 1341, 1598]"
pdfbox,MLP,2,model1,SMOTE,0.801386277329204,0.6818357554782732,0.834599549338674,[0.87686576 0.48680575],0.801386277329204,0.33805239481344274,0.8693433140523987,0.793127687727423,0.831235500889911,"[19181, 5003, 384, 2555]"
pdfbox,RandomForest,2,model2,SMOTE,0.9559045828263835,0.8917702446788398,0.9570288305279978,[0.97508437 0.80845612],0.9559045828263835,0.7636913767019667,0.8587955086764205,0.9677059212702613,0.913250714973341,"[23403, 781, 415, 2524]"
pdfbox,DT,2,model2,SMOTE,0.6073811893964532,0.5206346252147719,0.6803616798204072,[0.72455446 0.31671479],0.6073811893964532,0.19516052506721493,0.8397414086423953,0.5791432351968243,0.7094423219196099,"[14006, 10178, 471, 2468]"
pdfbox,LogisticRegression,2,model2,SMOTE,0.8003539431478819,0.6732612664834897,0.8328784286811138,[0.8770408  0.46948173],0.8003539431478819,0.32966428178315904,0.8152432800272201,0.7985444922262653,0.8068938861267428,"[19312, 4872, 543, 2396]"
pdfbox,MLP,2,model2,SMOTE,0.8892452899752977,0.7843393922736283,0.9021554200091026,[0.93475239 0.6339264 ],0.8892452899752977,0.49382950446174295,0.8849948962232052,0.8897618260006616,0.8873783611119334,"[21518, 2666, 338, 2601]"
pdfbox,RandomForest,2,model3,SMOTE,0.824945618110091,0.69032507065436,0.8502542509203671,[0.89450296 0.48614719],0.824945618110091,0.3564513569274718,0.7642055120789384,0.832327158451869,0.7982663352654037,"[20129, 4055, 693, 2246]"
pdfbox,DT,2,model3,SMOTE,0.824945618110091,0.69032507065436,0.8502542509203671,[0.89450296 0.48614719],0.824945618110091,0.3564513569274718,0.7642055120789384,0.832327158451869,0.7982663352654037,"[20129, 4055, 693, 2246]"
pdfbox,LogisticRegression,2,model3,SMOTE,0.824945618110091,0.69032507065436,0.8502542509203671,[0.89450296 0.48614719],0.824945618110091,0.3564513569274718,0.7642055120789384,0.832327158451869,0.7982663352654037,"[20129, 4055, 693, 2246]"
pdfbox,MLP,2,model3,SMOTE,0.824945618110091,0.69032507065436,0.8502542509203671,[0.89450296 0.48614719],0.824945618110091,0.3564513569274718,0.7642055120789384,0.832327158451869,0.7982663352654037,"[20129, 4055, 693, 2246]"
pdfbox,RandomForest,2,model1,ADA,0.868377391881429,0.7385472772322943,0.8828595665495582,[0.92278744 0.55430712],0.868377391881429,0.4377834746598304,0.7553589656345696,0.8821121402580219,0.8187355529462957,"[21333, 2851, 719, 2220]"
pdfbox,DT,2,model1,ADA,0.8450023964900638,0.705684132159341,0.864293881138828,[0.90817753 0.50319074],0.8450023964900638,0.38547890639145393,0.7243960530792787,0.8596592788620575,0.7920276659706682,"[20790, 3394, 810, 2129]"
pdfbox,LogisticRegression,2,model1,ADA,0.713601002838919,0.5503459552588263,0.76256852674748,[0.8212856  0.27940631],0.713601002838919,0.1920673383497003,0.5124191902007486,0.7380499503804168,0.6252345702905826,"[17849, 6335, 1433, 1506]"
pdfbox,MLP,2,model1,ADA,0.7480367216015927,0.6387759767193468,0.79438665748782,[0.83744053 0.44011142],0.7480367216015927,0.28984568900399266,0.9139162980605648,0.7278779358253391,0.820897116942952,"[17603, 6581, 253, 2686]"
pdfbox,RandomForest,2,model2,ADA,0.9346679939534712,0.8528809008244578,0.9388012288433416,[0.9625734  0.74318841],0.9346679939534712,0.6473112850290331,0.8724055801292957,0.9422345352299041,0.9073200576795999,"[22787, 1397, 375, 2564]"
pdfbox,DT,2,model2,ADA,0.9303174427607566,0.8433941290841886,0.9347825488921109,[0.96006761 0.72672065],0.9303174427607566,0.6318833291425697,0.8550527390268798,0.9394641085014885,0.8972584237641841,"[22720, 1464, 426, 2513]"
pdfbox,LogisticRegression,2,model2,ADA,0.7752092320171073,0.6536139609444316,0.8143663899387685,[0.85884287 0.44838505],0.7752092320171072,0.30539807739709146,0.8431439265056142,0.7669533575917963,0.8050486420487052,"[18548, 5636, 461, 2478]"
pdfbox,MLP,2,model2,ADA,0.9008590495151715,0.8012797190182368,0.9114652854977878,[0.94195108 0.66060836],0.9008590495151716,0.5250802568218299,0.8904389248043553,0.9021253721468739,0.8962821484756146,"[21817, 2367, 322, 2617]"
pdfbox,RandomForest,2,model3,ADA,0.824945618110091,0.69032507065436,0.8502542509203671,[0.89450296 0.48614719],0.824945618110091,0.3564513569274718,0.7642055120789384,0.832327158451869,0.7982663352654037,"[20129, 4055, 693, 2246]"
pdfbox,DT,2,model3,ADA,0.824945618110091,0.69032507065436,0.8502542509203671,[0.89450296 0.48614719],0.824945618110091,0.3564513569274718,0.7642055120789384,0.832327158451869,0.7982663352654037,"[20129, 4055, 693, 2246]"
pdfbox,LogisticRegression,2,model3,ADA,0.824945618110091,0.69032507065436,0.8502542509203671,[0.89450296 0.48614719],0.824945618110091,0.3564513569274718,0.7642055120789384,0.832327158451869,0.7982663352654037,"[20129, 4055, 693, 2246]"
pdfbox,MLP,2,model3,ADA,0.824945618110091,0.69032507065436,0.8502542509203671,[0.89450296 0.48614719],0.824945618110091,0.3564513569274718,0.7642055120789384,0.832327158451869,0.7982663352654037,"[20129, 4055, 693, 2246]"
pdfbox,RandomForest,3,model1,NONE,0.9240837696335078,0.805070473567274,0.9277206226402019,[0.95738333 0.65275762],0.9240837696335078,0.5884854432450114,0.7327902240325865,0.9447203058399614,0.838755264936274,"[21499, 1258, 656, 1799]"
pdfbox,DT,3,model1,NONE,0.9084959543074727,0.7895874175309596,0.9169593963014323,[0.94776407 0.63141077],0.9084959543074727,0.519453207150368,0.804887983706721,0.9196730676275432,0.8622805256671321,"[20929, 1828, 479, 1976]"
pdfbox,LogisticRegression,3,model1,NONE,0.9003252419482786,0.49395287005617633,0.8591178279702851,[0.94743228 0.04047346],0.9003252419482786,0.3231707317073171,0.021588594704684317,0.9951223799270554,0.5083554873158699,"[22646, 111, 2402, 53]"
pdfbox,MLP,3,model1,NONE,0.9077026812628907,0.7250569412468701,0.905507270401829,[0.94914884 0.50096504],0.9077026812628907,0.5289855072463768,0.47576374745417516,0.9542997758931318,0.7150317616736535,"[21717, 1040, 1287, 1168]"
pdfbox,RandomForest,3,model2,NONE,0.9732270347453593,0.9223045608347262,0.9729550956117421,[0.98520483 0.85940429],0.9732270347453593,0.8793691389599319,0.8403258655804481,0.9875642659401502,0.9139450657602991,"[22474, 283, 392, 2063]"
pdfbox,DT,3,model2,NONE,0.9539504997620181,0.8745675377443587,0.9549201774652801,[0.97435331 0.77478177],0.9539504997620181,0.7396296296296296,0.8134419551934827,0.9691084062046843,0.8912751806990835,"[22054, 703, 458, 1997]"
pdfbox,LogisticRegression,3,model2,NONE,0.9137712200539425,0.6516582818150571,0.8949786692007842,[0.95382524 0.34949132],0.9137712200539425,0.6583990980834273,0.23788187372708758,0.9866854154765566,0.6122836446018222,"[22454, 303, 1871, 584]"
pdfbox,MLP,3,model2,NONE,0.9460177693161986,0.8485684365281903,0.9463887754286673,[0.97004644 0.72709044],0.9460177693161986,0.7160347551342812,0.7384928716904277,0.9684053258338093,0.8534490987621185,"[22038, 719, 642, 1813]"
pdfbox,RandomForest,3,model3,NONE,0.840155481516738,0.6918697536935559,0.86399650305126,[0.90562503 0.47811448],0.840155481516738,0.3504841465730017,0.7519348268839103,0.8496726282023114,0.8008037275431108,"[19336, 3421, 609, 1846]"
pdfbox,DT,3,model3,NONE,0.840155481516738,0.6918697536935559,0.86399650305126,[0.90562503 0.47811448],0.840155481516738,0.3504841465730017,0.7519348268839103,0.8496726282023114,0.8008037275431108,"[19336, 3421, 609, 1846]"
pdfbox,LogisticRegression,3,model3,NONE,0.9026257337775663,0.4748164902646108,0.8565076905195007,[9.48818980e-01 8.14000814e-04],0.9026257337775663,0.5,0.0004073319755600815,0.9999560574768204,0.5001816947261902,"[22756, 1, 2454, 1]"
pdfbox,MLP,3,model3,NONE,0.9026257337775663,0.4748164902646108,0.8565076905195007,[9.48818980e-01 8.14000814e-04],0.9026257337775663,0.5,0.0004073319755600815,0.9999560574768204,0.5001816947261902,"[22756, 1, 2454, 1]"
pdfbox,RandomForest,3,model1,RUS,0.8557829604950024,0.7305523523768318,0.8784713543558346,[0.91424528 0.54685942],0.8557829604950024,0.3939666008260011,0.8936863543788187,0.8516939842685767,0.8726901693236977,"[19382, 3375, 261, 2194]"
pdfbox,DT,3,model1,RUS,0.8473742662224337,0.7123949819484567,0.8710534713723961,[0.90942472 0.51536524],0.8473742662224337,0.37301731996353693,0.8334012219959267,0.8488816627850772,0.841141442390502,"[19318, 3439, 409, 2046]"
pdfbox,LogisticRegression,3,model1,RUS,0.7119228938600667,0.5472532218267906,0.7671232436366932,[0.82029839 0.27420805],0.7119228938600667,0.1816737288135593,0.5588594704684318,0.7284352067495715,0.6436473386090017,"[16577, 6180, 1083, 1372]"
pdfbox,MLP,3,model1,RUS,0.7820482310011105,0.6489276289081023,0.8230090758448017,[0.86511034 0.43274492],0.7820482310011105,0.28982300884955753,0.8537678207739308,0.7743112009491585,0.8140395108615447,"[17621, 5136, 359, 2096]"
pdfbox,RandomForest,3,model2,RUS,0.9155164207520229,0.8186539048110186,0.9253782507696786,[0.95118933 0.68611848],0.9155164207520229,0.5375202031863311,0.9482688391038696,0.911983126071099,0.9301259825874842,"[20754, 2003, 127, 2328]"
pdfbox,DT,3,model2,RUS,0.8987386958591147,0.7876610838015523,0.9113297254244,[0.94123875 0.63408342],0.8987386958591147,0.4891640866873065,0.9010183299389002,0.8984927714549369,0.8997555506969186,"[20447, 2310, 243, 2212]"
pdfbox,LogisticRegression,3,model2,RUS,0.8087022052990639,0.6701248527118265,0.8422928603139374,[0.88393136 0.45631834],0.8087022052990639,0.31546134663341646,0.8244399185336049,0.8070044381948411,0.815722178364223,"[18365, 4392, 431, 2024]"
pdfbox,MLP,3,model2,RUS,0.8750198318261145,0.7511710608257041,0.8925314784818762,[0.92671923 0.5756229 ],0.8750198318261145,0.4299798792756539,0.8704684317718941,0.8755108318319638,0.8729896318019289,"[19924, 2833, 318, 2137]"
pdfbox,RandomForest,3,model3,RUS,0.840155481516738,0.6918697536935559,0.86399650305126,[0.90562503 0.47811448],0.840155481516738,0.3504841465730017,0.7519348268839103,0.8496726282023114,0.8008037275431108,"[19336, 3421, 609, 1846]"
pdfbox,DT,3,model3,RUS,0.840155481516738,0.6918697536935559,0.86399650305126,[0.90562503 0.47811448],0.840155481516738,0.3504841465730017,0.7519348268839103,0.8496726282023114,0.8008037275431108,"[19336, 3421, 609, 1846]"
pdfbox,LogisticRegression,3,model3,RUS,0.840155481516738,0.6918697536935559,0.86399650305126,[0.90562503 0.47811448],0.840155481516738,0.3504841465730017,0.7519348268839103,0.8496726282023114,0.8008037275431108,"[19336, 3421, 609, 1846]"
pdfbox,MLP,3,model3,RUS,0.840155481516738,0.6918697536935559,0.86399650305126,[0.90562503 0.47811448],0.840155481516738,0.3504841465730017,0.7519348268839103,0.8496726282023114,0.8008037275431108,"[19336, 3421, 609, 1846]"
pdfbox,RandomForest,3,model1,ENN,0.9130572743138188,0.7929007720733546,0.9199272930317958,[0.95064841 0.63515313],0.9130572743138188,0.5370109766394596,0.7771894093686355,0.9277145493694248,0.85245197936903,"[21112, 1645, 547, 1908]"
pdfbox,DT,3,model1,ENN,0.9006822148183404,0.7806035729060556,0.9113046552620072,[0.94291446 0.61829268],0.9006822148183404,0.49403166869671133,0.8260692464358452,0.9087313793558026,0.8674003128958239,"[20680, 2077, 427, 2028]"
pdfbox,LogisticRegression,3,model1,ENN,0.8993733142947804,0.5034317543059135,0.8604879241142008,[0.94684128 0.06002223],0.8993733142947803,0.3319672131147541,0.0329938900203666,0.992837368721712,0.5129156293710393,"[22594, 163, 2374, 81]"
pdfbox,MLP,3,model1,ENN,0.8559416151039189,0.6927605158091837,0.873064351548909,[0.91667049 0.46885054],0.8559416151039188,0.3657312343143965,0.6529531568228106,0.8778397855604869,0.7653964711916488,"[19977, 2780, 852, 1603]"
pdfbox,RandomForest,3,model2,ENN,0.9562906552435348,0.8874452521744175,0.9583296914232876,[0.97547296 0.79941755],0.9562906552435348,0.7226061204343535,0.8945010183299389,0.9629564529595289,0.9287287356447339,"[21914, 843, 259, 2196]"
pdfbox,DT,3,model2,ENN,0.9378867206092337,0.8504490733196653,0.9425311936263785,[0.96480108 0.73609707],0.9378867206092337,0.6277665995975855,0.889613034623218,0.9430944324823132,0.9163537335527656,"[21462, 1295, 271, 2184]"
pdfbox,LogisticRegression,3,model2,ENN,0.912739965095986,0.6854118258800533,0.9007541122911148,[0.95283423 0.41798942],0.912739965095986,0.5962264150943396,0.32179226069246436,0.9764907500988707,0.6491415053956675,"[22222, 535, 1665, 790]"
pdfbox,MLP,3,model2,ENN,0.9455418054894494,0.8481541019118948,0.9460771942813423,[0.96975971 0.7265485 ],0.9455418054894494,0.7108339828526891,0.7429735234215886,0.9673946478006767,0.8551840856111327,"[22015, 742, 631, 1824]"
pdfbox,RandomForest,3,model3,ENN,0.5216563541170871,0.44931417086803227,0.6100376338054705,[0.6489083  0.24972004],0.5216563541170871,0.14736764813862985,0.8175152749490835,0.4897394208375445,0.653627347893314,"[11145, 11612, 448, 2007]"
pdfbox,DT,3,model3,ENN,0.5216563541170871,0.44931417086803227,0.6100376338054705,[0.6489083  0.24972004],0.5216563541170871,0.14736764813862985,0.8175152749490835,0.4897394208375445,0.653627347893314,"[11145, 11612, 448, 2007]"
pdfbox,LogisticRegression,3,model3,ENN,0.5466047913691893,0.43490876841703663,0.637215188077542,[0.68614261 0.18367493],0.5466047913691893,0.1113612746795982,0.5238289205702648,0.5490618271301139,0.5364453738501893,"[12495, 10262, 1169, 1286]"
pdfbox,MLP,3,model3,ENN,0.5466047913691893,0.43490876841703663,0.637215188077542,[0.68614261 0.18367493],0.5466047913691893,0.1113612746795982,0.5238289205702648,0.5490618271301139,0.5364453738501893,"[12495, 10262, 1169, 1286]"
pdfbox,RandomForest,3,model1,TL,0.9234094875456133,0.8047360170363997,0.9273159609833879,[0.95696169 0.65251035],0.9234094875456133,0.584461637653127,0.7384928716904277,0.9433580876213912,0.8409254796559094,"[21468, 1289, 642, 1813]"
pdfbox,DT,3,model1,TL,0.9104394732666984,0.7942539764537311,0.9187550825603954,[0.94886544 0.63964252],0.9104394732666984,0.5258462345840986,0.8162932790224032,0.9205958606143164,0.86844456981836,"[20950, 1807, 451, 2004]"
pdfbox,LogisticRegression,3,model1,TL,0.9004045692527368,0.4947203151098729,0.8592992061553523,[0.94747192 0.04196871],0.9004045692527368,0.3313253012048193,0.02240325865580448,0.9951223799270554,0.50876281929143,"[22646, 111, 2400, 55]"
pdfbox,MLP,3,model1,TL,0.8697049024274155,0.6967195553133895,0.8811609458448194,[0.92576774 0.46767137],0.8697049024274155,0.38832077502691065,0.5877800407331976,0.9001186448125852,0.7439493427728914,"[20484, 2273, 1012, 1443]"
pdfbox,RandomForest,3,model2,TL,0.9719181342217993,0.9193318846833756,0.9717786344440887,[0.98446278 0.85420099],0.9719181342217992,0.8638067471886713,0.8448065173116089,0.9856307949202443,0.9152186561159266,"[22430, 327, 381, 2074]"
pdfbox,DT,3,model2,TL,0.9524432809773123,0.8708172372792939,0.9535063216142656,[0.97350452 0.76812996],0.9524432809773123,0.7312223858615611,0.8089613034623218,0.9679219580788329,0.8884416307705773,"[22027, 730, 469, 1986]"
pdfbox,LogisticRegression,3,model2,TL,0.9139298746628589,0.6544116272241827,0.895565941555014,[0.95388865 0.3549346 ],0.9139298746628589,0.6567656765676567,0.24317718940936864,0.9862899327679395,0.6147335610886541,"[22445, 312, 1858, 597]"
pdfbox,MLP,3,model2,TL,0.9542678089798509,0.8585125020258,0.9522410706474257,[0.97490915 0.74211586],0.9542678089798509,0.8229166666666666,0.6757637474541751,0.9843125192248539,0.8300381333395145,"[22400, 357, 796, 1659]"
pdfbox,RandomForest,3,model3,TL,0.840155481516738,0.6918697536935559,0.86399650305126,[0.90562503 0.47811448],0.840155481516738,0.3504841465730017,0.7519348268839103,0.8496726282023114,0.8008037275431108,"[19336, 3421, 609, 1846]"
pdfbox,DT,3,model3,TL,0.840155481516738,0.6918697536935559,0.86399650305126,[0.90562503 0.47811448],0.840155481516738,0.3504841465730017,0.7519348268839103,0.8496726282023114,0.8008037275431108,"[19336, 3421, 609, 1846]"
pdfbox,LogisticRegression,3,model3,TL,0.9026257337775663,0.4748164902646108,0.8565076905195007,[9.48818980e-01 8.14000814e-04],0.9026257337775663,0.5,0.0004073319755600815,0.9999560574768204,0.5001816947261902,"[22756, 1, 2454, 1]"
pdfbox,MLP,3,model3,TL,0.9026257337775663,0.4748164902646108,0.8565076905195007,[9.48818980e-01 8.14000814e-04],0.9026257337775663,0.5,0.0004073319755600815,0.9999560574768204,0.5001816947261902,"[22756, 1, 2454, 1]"
pdfbox,RandomForest,3,model1,ROS,0.9158337299698556,0.8008882179594609,0.9227102990220538,[0.95217274 0.6496037 ],0.9158337299698556,0.5462371563454596,0.8012219959266802,0.9281979171244013,0.8647099565255407,"[21123, 1634, 488, 1967]"
pdfbox,DT,3,model1,ROS,0.911907028399175,0.7937416545513143,0.9194552960049258,[0.9498589  0.63762441],0.911907028399175,0.5318454001088732,0.7959266802443992,0.9244188601309488,0.8601727701876739,"[21037, 1720, 501, 1954]"
pdfbox,LogisticRegression,3,model1,ROS,0.7158892590829764,0.5478817689067513,0.7698147551490392,[0.82348882 0.27227471],0.7158892590829764,0.18137520303194368,0.5458248472505092,0.7342356198092894,0.6400302335298993,"[16709, 6048, 1115, 1340]"
pdfbox,MLP,3,model1,ROS,0.8464223385689355,0.7143318528741414,0.8707539854322205,[0.90858438 0.52007933],0.8464223385689355,0.37377516479600925,0.8545824847250509,0.8455420310234214,0.8500622578742362,"[19242, 3515, 357, 2098]"
pdfbox,RandomForest,3,model2,ROS,0.9670395049976201,0.9105582335806408,0.9677922127325008,[0.98163414 0.83948233],0.9670395049976201,0.7983100661278472,0.885132382892057,0.9758755547743552,0.9305039688332062,"[22208, 549, 282, 2173]"
pdfbox,DT,3,model2,ROS,0.9533555449785817,0.871508973822152,0.9540876979856464,[0.97405921 0.76895874],0.9533555449785817,0.7426944971537002,0.7971486761710794,0.9702069692841763,0.8836778227276278,"[22079, 678, 498, 1957]"
pdfbox,LogisticRegression,3,model2,ROS,0.8080675868633984,0.6689718102876291,0.8417627578518014,[0.88355192 0.4543917 ],0.8080675868633984,0.3141565325849704,0.8207739307535642,0.8066968405325834,0.8137353856430738,"[18358, 4399, 440, 2015]"
pdfbox,MLP,3,model2,ROS,0.9340790099952404,0.8416971497832634,0.9390770317159506,[0.96262817 0.72076613],0.9340790099952404,0.6133828996282528,0.8737270875763747,0.9405897086610713,0.907158398118723,"[21405, 1352, 310, 2145]"
pdfbox,RandomForest,3,model3,ROS,0.840155481516738,0.6918697536935559,0.86399650305126,[0.90562503 0.47811448],0.840155481516738,0.3504841465730017,0.7519348268839103,0.8496726282023114,0.8008037275431108,"[19336, 3421, 609, 1846]"
pdfbox,DT,3,model3,ROS,0.840155481516738,0.6918697536935559,0.86399650305126,[0.90562503 0.47811448],0.840155481516738,0.3504841465730017,0.7519348268839103,0.8496726282023114,0.8008037275431108,"[19336, 3421, 609, 1846]"
pdfbox,LogisticRegression,3,model3,ROS,0.840155481516738,0.6918697536935559,0.86399650305126,[0.90562503 0.47811448],0.840155481516738,0.3504841465730017,0.7519348268839103,0.8496726282023114,0.8008037275431108,"[19336, 3421, 609, 1846]"
pdfbox,MLP,3,model3,ROS,0.840155481516738,0.6918697536935559,0.86399650305126,[0.90562503 0.47811448],0.840155481516738,0.3504841465730017,0.7519348268839103,0.8496726282023114,0.8008037275431108,"[19336, 3421, 609, 1846]"
pdfbox,RandomForest,3,model1,SMOTE,0.9201570680628273,0.8054549562483717,0.9257443448561032,[0.9548361  0.65607381],0.9201570680628273,0.5650382577987051,0.7820773930753564,0.9350529507404315,0.8585651719078939,"[21279, 1478, 535, 1920]"
pdfbox,DT,3,model1,SMOTE,0.851142313184198,0.7044220700765205,0.872114147742009,[0.91267016 0.49617398],0.851142313184198,0.3700440528634361,0.7527494908350305,0.8617568220767237,0.8072531564558771,"[19611, 3146, 607, 1848]"
pdfbox,LogisticRegression,3,model1,SMOTE,0.7100190385530699,0.5452857507174922,0.7656755503641413,[0.8189764 0.2715951],0.7100190385530699,0.17976787127407018,0.5551934826883911,0.726721448345564,0.6409574655169775,"[16538, 6219, 1092, 1363]"
pdfbox,MLP,3,model1,SMOTE,0.832302078375377,0.699854979357422,0.8604079411595785,[0.89923737 0.50047259],0.8323020783753768,0.35247129306040936,0.8627291242362526,0.8290196423078613,0.845874383272057,"[18866, 3891, 337, 2118]"
pdfbox,RandomForest,3,model2,SMOTE,0.9744962716166905,0.9287869640276365,0.9747293553674539,[0.98584044 0.87173349],0.9744962716166905,0.8541829554339327,0.890020366598778,0.983609438853979,0.9368149027263785,"[22384, 373, 270, 2185]"
pdfbox,DT,3,model2,SMOTE,0.9246390607647152,0.8240218848433611,0.9311730548787854,[0.95708736 0.69095641],0.9246390607647152,0.5751421608448416,0.865173116089613,0.9310541811310805,0.8981136486103467,"[21188, 1569, 331, 2124]"
pdfbox,LogisticRegression,3,model2,SMOTE,0.8051324765984452,0.6659788008079024,0.8395852609504452,[0.88157165 0.45038595],0.8051324765984452,0.3104565083281925,0.819959266802444,0.8035329788636464,0.8117461228330451,"[18286, 4471, 442, 2013]"
pdfbox,MLP,3,model2,SMOTE,0.9284071077264795,0.82456659292058,0.9332519634206249,[0.95953731 0.68959587],0.9284071077264795,0.5967261904761905,0.8167006109979633,0.9404578810915323,0.8785792460447478,"[21402, 1355, 450, 2005]"
pdfbox,RandomForest,3,model3,SMOTE,0.840155481516738,0.6918697536935559,0.86399650305126,[0.90562503 0.47811448],0.840155481516738,0.3504841465730017,0.7519348268839103,0.8496726282023114,0.8008037275431108,"[19336, 3421, 609, 1846]"
pdfbox,DT,3,model3,SMOTE,0.840155481516738,0.6918697536935559,0.86399650305126,[0.90562503 0.47811448],0.840155481516738,0.3504841465730017,0.7519348268839103,0.8496726282023114,0.8008037275431108,"[19336, 3421, 609, 1846]"
pdfbox,LogisticRegression,3,model3,SMOTE,0.840155481516738,0.6918697536935559,0.86399650305126,[0.90562503 0.47811448],0.840155481516738,0.3504841465730017,0.7519348268839103,0.8496726282023114,0.8008037275431108,"[19336, 3421, 609, 1846]"
pdfbox,MLP,3,model3,SMOTE,0.840155481516738,0.6918697536935559,0.86399650305126,[0.90562503 0.47811448],0.840155481516738,0.3504841465730017,0.7519348268839103,0.8496726282023114,0.8008037275431108,"[19336, 3421, 609, 1846]"
pdfbox,RandomForest,3,model1,ADA,0.9160717118832302,0.8000236514352412,0.9226940525190208,[0.95236166 0.64768565],0.9160717118832302,0.5477330329484652,0.7922606924643585,0.9294283077734323,0.8608445001188954,"[21151, 1606, 510, 1945]"
pdfbox,DT,3,model1,ADA,0.9009995240361732,0.7734358383465785,0.9103318076282231,[0.94343984 0.60343184],0.9009995240361732,0.4946600677259703,0.7735234215885947,0.9147515050314189,0.8441374633100068,"[20817, 1940, 556, 1899]"
pdfbox,LogisticRegression,3,model1,ADA,0.7292955735364113,0.5480874584061934,0.7785219810102451,[0.83425213 0.26192279],0.7292955735364113,0.1782979976442874,0.49327902240325866,0.7547567781342005,0.6240179002687296,"[17176, 5581, 1244, 1211]"
pdfbox,MLP,3,model1,ADA,0.8158813263525305,0.6864623850837734,0.8486715063109809,[0.88790147 0.4850233 ],0.8158813263525305,0.3332825125781369,0.8904276985743381,0.8078393461352551,0.8491335223547967,"[18384, 4373, 269, 2186]"
pdfbox,RandomForest,3,model2,ADA,0.9746152625733777,0.9295315570636171,0.974919308192208,[0.98589625 0.87316686],0.9746152625733777,0.8502508683905828,0.8973523421588595,0.9829503010062838,0.9401513215825716,"[22369, 388, 252, 2203]"
pdfbox,DT,3,model2,ADA,0.9530778994129779,0.8784921459032261,0.9551508796527822,[0.97369065 0.78329364],0.9530778994129779,0.7117177097203728,0.8708757637474541,0.9619457749263963,0.9164107693369252,"[21891, 866, 317, 2138]"
pdfbox,LogisticRegression,3,model2,ADA,0.78383309535142,0.6498976686516535,0.8242696728108594,[0.86644121 0.43335413],0.78383309535142,0.29093955046768116,0.8488798370672098,0.7768159247704003,0.8128478809188051,"[17678, 5079, 371, 2084]"
pdfbox,MLP,3,model2,ADA,0.9410994764397905,0.8399481675804605,0.942406575626268,[0.96718595 0.71271039],0.9410994764397905,0.6787030213706706,0.7503054989816701,0.9616821197873182,0.8559938093844942,"[21885, 872, 613, 1842]"
pdfbox,RandomForest,3,model3,ADA,0.840155481516738,0.6918697536935559,0.86399650305126,[0.90562503 0.47811448],0.840155481516738,0.3504841465730017,0.7519348268839103,0.8496726282023114,0.8008037275431108,"[19336, 3421, 609, 1846]"
pdfbox,DT,3,model3,ADA,0.840155481516738,0.6918697536935559,0.86399650305126,[0.90562503 0.47811448],0.840155481516738,0.3504841465730017,0.7519348268839103,0.8496726282023114,0.8008037275431108,"[19336, 3421, 609, 1846]"
pdfbox,LogisticRegression,3,model3,ADA,0.840155481516738,0.6918697536935559,0.86399650305126,[0.90562503 0.47811448],0.840155481516738,0.3504841465730017,0.7519348268839103,0.8496726282023114,0.8008037275431108,"[19336, 3421, 609, 1846]"
pdfbox,MLP,3,model3,ADA,0.840155481516738,0.6918697536935559,0.86399650305126,[0.90562503 0.47811448],0.840155481516738,0.3504841465730017,0.7519348268839103,0.8496726282023114,0.8008037275431108,"[19336, 3421, 609, 1846]"
pdfbox,RandomForest,4,model1,NONE,0.9165915432496243,0.7474503382358876,0.9193685678598478,[0.95413017 0.5407705 ],0.9165915432496243,0.5035211267605634,0.5839714139867279,0.9471316085489314,0.7655515112678297,"[20208, 1128, 815, 1144]"
pdfbox,DT,4,model1,NONE,0.9016956428418116,0.7499545521479791,0.9119806233649513,[0.94474205 0.55516706],0.9016956428418116,0.44810285355910945,0.7294538029606943,0.9175103112110986,0.8234820570858965,"[19576, 1760, 530, 1429]"
pdfbox,LogisticRegression,4,model1,NONE,0.9135436789010517,0.502355520575669,0.8786290952567054,[0.95471104 0.05      ],0.9135436789010517,0.32919254658385094,0.027054619703930576,0.9949381327334084,0.5109963762186694,"[21228, 108, 1906, 53]"
pdfbox,MLP,4,model1,NONE,0.9338913930027903,0.7577996057420499,0.9295828490462521,[0.96431716 0.55128205],0.9338913930027903,0.6422267481330618,0.482899438489025,0.9752999625046869,0.729099700496856,"[20809, 527, 1013, 946]"
pdfbox,RandomForest,4,model2,NONE,0.9675037561708522,0.890471269411026,0.9668768025777514,[0.98232589 0.79861665],0.9675037561708522,0.8338888888888889,0.7662072485962226,0.9859861267341582,0.8760966876651903,"[21037, 299, 458, 1501]"
pdfbox,DT,4,model2,NONE,0.9481004507405022,0.8451567930105546,0.950176233667246,[0.97141101 0.71890258],0.9481004507405022,0.6601195559350982,0.7891781521184278,0.9626921634795651,0.8759351577989964,"[20540, 796, 413, 1546]"
pdfbox,LogisticRegression,4,model2,NONE,0.9266795449667311,0.6708718475619416,0.9122306513118857,[0.96103304 0.38071066],0.9266795449667311,0.6570713391739674,0.2679938744257274,0.9871578552680915,0.6275758648469095,"[21062, 274, 1434, 525]"
pdfbox,MLP,4,model2,NONE,0.9615368104743507,0.856145532394796,0.9585662553672386,[0.97927557 0.73301549],0.9615368104743507,0.8804581245526127,0.6278713629402757,0.9921728533933258,0.8100221081668008,"[21169, 167, 729, 1230]"
pdfbox,RandomForest,4,model3,NONE,0.8595836016312512,0.6955090874706702,0.8814314185168446,[0.91902463 0.47199354],0.8595836016312514,0.34513692162417375,0.7462991322103114,0.8699850018747657,0.8081420670425385,"[18562, 2774, 497, 1462]"
pdfbox,DT,4,model3,NONE,0.8595836016312512,0.6955090874706702,0.8814314185168446,[0.91902463 0.47199354],0.8595836016312514,0.34513692162417375,0.7462991322103114,0.8699850018747657,0.8081420670425385,"[18562, 2774, 497, 1462]"
pdfbox,LogisticRegression,4,model3,NONE,0.9159905559132862,0.4790946822285274,0.8759134384106576,[0.95614959 0.00203978],0.9159905559132862,1.0,0.0010209290454313426,1.0,0.5005104645227156,"[21336, 0, 1957, 2]"
pdfbox,MLP,4,model3,NONE,0.9159047005795236,0.47805337097533107,0.8757026592083849,[0.95610674 0.        ],0.9159047005795236,nan,0.0,1.0,0.5,"[21336, 0, 1959, 0]"
pdfbox,RandomForest,4,model1,RUS,0.8301352221506761,0.6775001313831384,0.8620508710438509,[0.89936675 0.45563351],0.8301352221506761,0.31186440677966104,0.8453292496171516,0.8287401574803149,0.8370347035487332,"[17682, 3654, 303, 1656]"
pdfbox,DT,4,model1,RUS,0.8228375187808544,0.6594294976080846,0.8556588745456626,[0.89533616 0.42352284],0.8228375187808543,0.2915384615384615,0.7738642164369577,0.827334083239595,0.8005991498382764,"[17652, 3684, 443, 1516]"
pdfbox,LogisticRegression,4,model1,RUS,0.7013092938398798,0.5300326085151278,0.766029787746993,[0.81374806 0.24631716],0.7013092938398798,0.15633163756359136,0.5803981623277182,0.7124109486314211,0.6464045554795695,"[15200, 6136, 822, 1137]"
pdfbox,MLP,4,model1,RUS,0.7836016312513415,0.6321966244998587,0.8284882621168452,[0.86817813 0.39621512],0.7836016312513415,0.25884194053208137,0.8443083205717202,0.7780277465316835,0.8111680335517019,"[16600, 4736, 305, 1654]"
pdfbox,RandomForest,4,model2,RUS,0.899506331830865,0.7771231400853508,0.9145011441667336,[0.94227877 0.61196751],0.899506331830865,0.4531173294059892,0.9423175089331292,0.895575553055868,0.9189465309944985,"[19108, 2228, 113, 1846]"
pdfbox,DT,4,model2,RUS,0.8909637261214853,0.7580064297024942,0.9072108967616701,[0.93737981 0.57863305],0.8909637261214853,0.42860653723273534,0.8902501276161306,0.891029246344207,0.8906396869801688,"[19011, 2325, 215, 1744]"
pdfbox,LogisticRegression,4,model2,RUS,0.8192315947628247,0.6636250334758179,0.853929775842539,[0.89240911 0.43484096],0.8192315947628246,0.2949745083758194,0.8269525267993875,0.8185226846644169,0.8227376057319022,"[17464, 3872, 339, 1620]"
pdfbox,MLP,4,model2,RUS,0.8797596050654647,0.7393317010221276,0.8984773026508409,[0.9306563 0.5480071],0.8797596050654647,0.4006606890042473,0.8667687595712098,0.8809523809523809,0.8738605702617954,"[18796, 2540, 261, 1698]"
pdfbox,RandomForest,4,model3,RUS,0.8596694569650141,0.6957784115106517,0.8815145670709031,[0.91907014 0.47248669],0.859669456965014,0.3454459650778669,0.7473200612557427,0.8699850018747657,0.8086525315652542,"[18562, 2774, 495, 1464]"
pdfbox,DT,4,model3,RUS,0.8596694569650141,0.6957784115106517,0.8815145670709031,[0.91907014 0.47248669],0.859669456965014,0.3454459650778669,0.7473200612557427,0.8699850018747657,0.8086525315652542,"[18562, 2774, 495, 1464]"
pdfbox,LogisticRegression,4,model3,RUS,0.8596694569650141,0.6957784115106517,0.8815145670709031,[0.91907014 0.47248669],0.859669456965014,0.3454459650778669,0.7473200612557427,0.8699850018747657,0.8086525315652542,"[18562, 2774, 495, 1464]"
pdfbox,MLP,4,model3,RUS,0.8596694569650141,0.6957784115106517,0.8815145670709031,[0.91907014 0.47248669],0.859669456965014,0.3454459650778669,0.7473200612557427,0.8699850018747657,0.8086525315652542,"[18562, 2774, 495, 1464]"
pdfbox,RandomForest,4,model1,ENN,0.9045288688559777,0.7418193107136409,0.912306690161219,[0.94677898 0.53685964],0.9045288688559777,0.4533943017938797,0.6579887697805002,0.9271653543307087,0.7925770620556045,"[19782, 1554, 670, 1289]"
pdfbox,DT,4,model1,ENN,0.8846104314230522,0.7314229506567667,0.9001442497421025,[0.93425944 0.52858646],0.8846104314230522,0.40261822067860004,0.7692700357325166,0.8952005999250093,0.8322353178287629,"[19100, 2236, 452, 1507]"
pdfbox,LogisticRegression,4,model1,ENN,0.9116119338913931,0.5124326936063931,0.8793980669341493,[0.95359791 0.07126748],0.9116119338913931,0.3062015503875969,0.04032669729453803,0.9916104236970379,0.5159685604957879,"[21157, 179, 1880, 79]"
pdfbox,MLP,4,model1,ENN,0.922730199613651,0.7472058014746286,0.9224227538593506,[0.95785136 0.53656025],0.922730199613651,0.5412987012987013,0.5319040326697294,0.9586145481814773,0.7452592904256033,"[20453, 883, 917, 1042]"
pdfbox,RandomForest,4,model2,ENN,0.9524790727623954,0.8633884885039034,0.9551548212264633,[0.97370983 0.75306714],0.9524790727623954,0.6687797147385103,0.8616641143440531,0.9608173978252719,0.9112407560846625,"[20500, 836, 271, 1688]"
pdfbox,DT,4,model2,ENN,0.9366816913500752,0.828674810111574,0.9418262665215241,[0.96470532 0.6926443 ],0.9366816913500752,0.5852112676056338,0.8483920367534457,0.9447881514810649,0.8965900941172552,"[20158, 1178, 297, 1662]"
pdfbox,LogisticRegression,4,model2,ENN,0.9222579952779566,0.6967766619882122,0.9142772491624146,[0.95825554 0.43529779],0.9222579952779566,0.5592948717948718,0.3563042368555385,0.9742219722534683,0.6652631045545034,"[20786, 550, 1261, 698]"
pdfbox,MLP,4,model2,ENN,0.9483150890749088,0.8387895055429339,0.9493190213024818,[0.97166792 0.70591109],0.9483150890749088,0.6768149882903981,0.7376212353241449,0.9676602924634421,0.8526407638937935,"[20646, 690, 514, 1445]"
pdfbox,RandomForest,4,model3,ENN,0.8596694569650141,0.6957784115106517,0.8815145670709031,[0.91907014 0.47248669],0.859669456965014,0.3454459650778669,0.7473200612557427,0.8699850018747657,0.8086525315652542,"[18562, 2774, 495, 1464]"
pdfbox,DT,4,model3,ENN,0.8596694569650141,0.6957784115106517,0.8815145670709031,[0.91907014 0.47248669],0.859669456965014,0.3454459650778669,0.7473200612557427,0.8699850018747657,0.8086525315652542,"[18562, 2774, 495, 1464]"
pdfbox,LogisticRegression,4,model3,ENN,0.8596694569650141,0.6957784115106517,0.8815145670709031,[0.91907014 0.47248669],0.859669456965014,0.3454459650778669,0.7473200612557427,0.8699850018747657,0.8086525315652542,"[18562, 2774, 495, 1464]"
pdfbox,MLP,4,model3,ENN,0.8596694569650141,0.6957784115106517,0.8815145670709031,[0.91907014 0.47248669],0.859669456965014,0.3454459650778669,0.7473200612557427,0.8699850018747657,0.8086525315652542,"[18562, 2774, 495, 1464]"
pdfbox,RandomForest,4,model1,TL,0.9146597982399657,0.7466025379197245,0.9182564060988037,[0.95296456 0.54024052],0.9146597982399657,0.49386892177589853,0.5962225625319041,0.9438976377952756,0.77006010016359,"[20139, 1197, 791, 1168]"
pdfbox,DT,4,model1,TL,0.9029834728482506,0.7523026523052607,0.9130017694642412,[0.94549489 0.55911042],0.9029834728482506,0.4524786864540575,0.731495661051557,0.9187289088863893,0.8251122849689732,"[19602, 1734, 526, 1433]"
pdfbox,LogisticRegression,4,model1,TL,0.9135436789010517,0.502355520575669,0.8786290952567054,[0.95471104 0.05      ],0.9135436789010517,0.32919254658385094,0.027054619703930576,0.9949381327334084,0.5109963762186694,"[21228, 108, 1906, 53]"
pdfbox,MLP,4,model1,TL,0.9374543893539387,0.7515941523564413,0.930324366366392,[0.96646334 0.53672496],0.9374543893539387,0.7116357504215851,0.43083205717202655,0.983970753655793,0.7074014054139097,"[20994, 342, 1115, 844]"
pdfbox,RandomForest,4,model2,TL,0.9673749731702082,0.891119420425333,0.9669134109632888,[0.98223884 0.8       ],0.9673749731702082,0.8256382400869093,0.7759060745278203,0.9849550056242969,0.8804305400760586,"[21015, 321, 439, 1520]"
pdfbox,DT,4,model2,TL,0.9495170637475853,0.8500406410482162,0.9516352566939059,[0.97217753 0.72790375],0.9495170637475853,0.6656792213288193,0.8029606942317509,0.962973378327709,0.8829670362797299,"[20546, 790, 386, 1573]"
pdfbox,LogisticRegression,4,model2,TL,0.9262931959647993,0.6710368841967609,0.9120749715812286,[0.96081251 0.38126126],0.9262931959647993,0.6482843137254902,0.2700357325165901,0.9865485564304461,0.6282921444735181,"[21049, 287, 1430, 529]"
pdfbox,MLP,4,model2,TL,0.9615368104743507,0.8573210800141944,0.9587520011617382,[0.97926118 0.73538098],0.9615368104743507,0.8724597056762439,0.6355283307810107,0.9914698162729659,0.8134990735269884,"[21154, 182, 714, 1245]"
pdfbox,RandomForest,4,model3,TL,0.8595836016312512,0.6955090874706702,0.8814314185168446,[0.91902463 0.47199354],0.8595836016312514,0.34513692162417375,0.7462991322103114,0.8699850018747657,0.8081420670425385,"[18562, 2774, 497, 1462]"
pdfbox,DT,4,model3,TL,0.8595836016312512,0.6955090874706702,0.8814314185168446,[0.91902463 0.47199354],0.8595836016312514,0.34513692162417375,0.7462991322103114,0.8699850018747657,0.8081420670425385,"[18562, 2774, 497, 1462]"
pdfbox,LogisticRegression,4,model3,TL,0.9159905559132862,0.4790946822285274,0.8759134384106576,[0.95614959 0.00203978],0.9159905559132862,1.0,0.0010209290454313426,1.0,0.5005104645227156,"[21336, 0, 1957, 2]"
pdfbox,MLP,4,model3,TL,0.9159047005795236,0.47805337097533107,0.8757026592083849,[0.95610674 0.        ],0.9159047005795236,nan,0.0,1.0,0.5,"[21336, 0, 1959, 0]"
pdfbox,RandomForest,4,model1,ROS,0.9087787078772269,0.7556062313034431,0.9165444743665712,[0.94908594 0.56212652],0.9087787078772269,0.47131997235659984,0.6962736089841756,0.9282902137232846,0.8122819113537302,"[19806, 1530, 595, 1364]"
pdfbox,DT,4,model1,ROS,0.9059884095299421,0.7567235431485491,0.915232082408277,[0.94728227 0.56616482],0.9059884095299421,0.46260925865976044,0.7294538029606943,0.9221972253468317,0.8258255141537629,"[19676, 1660, 530, 1429]"
pdfbox,LogisticRegression,4,model1,ROS,0.6971453101523932,0.5323679265933434,0.7632683721547918,[0.80995609 0.25477976],0.6971453101523932,0.16062866275972296,0.6156202143950995,0.7046306711661042,0.6601254427806018,"[15034, 6302, 753, 1206]"
pdfbox,MLP,4,model1,ROS,0.8849967804249839,0.7299132433574518,0.9001519527250911,[0.93457396 0.52525253],0.8849967804249839,0.4022801302931596,0.7565084226646248,0.8967941507311586,0.8266512866978917,"[19134, 2202, 477, 1482]"
pdfbox,RandomForest,4,model2,ROS,0.9613221721399442,0.8822368759728535,0.962511144376715,[0.97874248 0.78573127],0.9613221721399442,0.7355298308103295,0.843287391526289,0.9721597300337458,0.9077235607800173,"[20742, 594, 307, 1652]"
pdfbox,DT,4,model2,ROS,0.9501609787508049,0.8509931205259466,0.9521073906176684,[0.97255254 0.7294337 ],0.9501609787508049,0.6710977701543739,0.7988769780500256,0.9640513685789276,0.8814641733144766,"[20569, 767, 394, 1565]"
pdfbox,LogisticRegression,4,model2,ROS,0.8082421120412105,0.6544797099467842,0.846207770782286,[0.88497489 0.42398453],0.8082421120412105,0.2836438923395445,0.8392036753445635,0.8053993250843644,0.822301500214464,"[17184, 4152, 315, 1644]"
pdfbox,MLP,4,model2,ROS,0.9343635973384846,0.8251693764152537,0.9400991112783414,[0.96333773 0.68700102],0.9343635973384846,0.5734791524265208,0.8565594691168964,0.9415073115860517,0.899033390351474,"[20088, 1248, 281, 1678]"
pdfbox,RandomForest,4,model3,ROS,0.8595836016312512,0.6955090874706702,0.8814314185168446,[0.91902463 0.47199354],0.8595836016312514,0.34513692162417375,0.7462991322103114,0.8699850018747657,0.8081420670425385,"[18562, 2774, 497, 1462]"
pdfbox,DT,4,model3,ROS,0.8595836016312512,0.6955090874706702,0.8814314185168446,[0.91902463 0.47199354],0.8595836016312514,0.34513692162417375,0.7462991322103114,0.8699850018747657,0.8081420670425385,"[18562, 2774, 497, 1462]"
pdfbox,LogisticRegression,4,model3,ROS,0.8596694569650141,0.6957784115106517,0.8815145670709031,[0.91907014 0.47248669],0.859669456965014,0.3454459650778669,0.7473200612557427,0.8699850018747657,0.8086525315652542,"[18562, 2774, 495, 1464]"
pdfbox,MLP,4,model3,ROS,0.8596694569650141,0.6957784115106517,0.8815145670709031,[0.91907014 0.47248669],0.859669456965014,0.3454459650778669,0.7473200612557427,0.8699850018747657,0.8086525315652542,"[18562, 2774, 495, 1464]"
pdfbox,RandomForest,4,model1,SMOTE,0.9124704872290191,0.7600608987636832,0.919128042773853,[0.95129118 0.56883062],0.9124704872290191,0.4855595667870036,0.6865747830525778,0.9332114735658043,0.8098931283091909,"[19911, 1425, 614, 1345]"
pdfbox,DT,4,model1,SMOTE,0.7924876582957717,0.619983430299267,0.8329566336053051,[0.87601949 0.36394737],0.7924876582957716,0.24516929622407374,0.7059724349157733,0.8004311961004874,0.7532018155081303,"[17078, 4258, 576, 1383]"
pdfbox,LogisticRegression,4,model1,SMOTE,0.6975745868212063,0.5355101831720688,0.7637312550840847,[0.80987721 0.26114316],0.6975745868212063,0.16433474128827877,0.6355283307810107,0.7032714660667416,0.6693998984238761,"[15005, 6331, 714, 1245]"
pdfbox,MLP,4,model1,SMOTE,0.8984331401588324,0.7383555729002078,0.9085889860372677,[0.94300992 0.53370122],0.8984331401588324,0.4346709470304976,0.6911689637570189,0.9174634420697413,0.80431620291338,"[19575, 1761, 605, 1354]"
pdfbox,RandomForest,4,model2,SMOTE,0.9702511268512556,0.9052607472002012,0.9705307060733473,[0.98372819 0.8267933 ],0.9702511268512556,0.8099902056807052,0.8443083205717202,0.9818147731533559,0.9130615468625379,"[20948, 388, 305, 1654]"
pdfbox,DT,4,model2,SMOTE,0.9399441940330543,0.8304550092375284,0.9437868433071279,[0.96670237 0.69420765],0.9399441940330543,0.6070336391437309,0.810617662072486,0.9518185226846644,0.8812180923785751,"[20308, 1028, 371, 1588]"
pdfbox,LogisticRegression,4,model2,SMOTE,0.8077269800386349,0.6531217796613897,0.845751985918455,[0.88470152 0.42154204],0.8077269800386349,0.2821576763485477,0.8330781010719756,0.8053993250843644,0.8192387130781701,"[17184, 4152, 327, 1632]"
pdfbox,MLP,4,model2,SMOTE,0.952006868426701,0.8492387811161756,0.952776306609653,[0.97371144 0.72476613],0.952006868426701,0.6999524488825487,0.7514037774374681,0.9704255718035245,0.8609146746204963,"[20705, 631, 487, 1472]"
pdfbox,RandomForest,4,model3,SMOTE,0.8595836016312512,0.6955090874706702,0.8814314185168446,[0.91902463 0.47199354],0.8595836016312514,0.34513692162417375,0.7462991322103114,0.8699850018747657,0.8081420670425385,"[18562, 2774, 497, 1462]"
pdfbox,DT,4,model3,SMOTE,0.8595406739643701,0.6953743665832253,0.881389835744353,[0.91900188 0.47174685],0.8595406739643701,0.34498229043683587,0.7457886676875957,0.8699850018747657,0.8078868347811806,"[18562, 2774, 498, 1461]"
pdfbox,LogisticRegression,4,model3,SMOTE,0.8596694569650141,0.6957784115106517,0.8815145670709031,[0.91907014 0.47248669],0.859669456965014,0.3454459650778669,0.7473200612557427,0.8699850018747657,0.8086525315652542,"[18562, 2774, 495, 1464]"
pdfbox,MLP,4,model3,SMOTE,0.8596694569650141,0.6957784115106517,0.8815145670709031,[0.91907014 0.47248669],0.859669456965014,0.3454459650778669,0.7473200612557427,0.8699850018747657,0.8086525315652542,"[18562, 2774, 495, 1464]"
pdfbox,RandomForest,4,model1,ADA,0.9109250912212923,0.7570993629378546,0.9178869957433442,[0.95039801 0.56380071],0.9109250912212922,0.4792709077912795,0.6845329249617151,0.9317116610423697,0.8081222930020424,"[19879, 1457, 618, 1341]"
pdfbox,DT,4,model1,ADA,0.6608714316376905,0.5276611048808073,0.7363116991390021,[0.77850053 0.27682168],0.6608714316376905,0.1686558839933073,0.7718223583460949,0.6506842894638171,0.7112533239049559,"[13883, 7453, 447, 1512]"
pdfbox,LogisticRegression,4,model1,ADA,0.6921227731272805,0.528347704402101,0.7595321953096412,[0.80627735 0.25041806],0.6921227731272805,0.15744513076619793,0.6115364982133742,0.6995219347581553,0.6555292164857647,"[14925, 6411, 761, 1198]"
pdfbox,MLP,4,model1,ADA,0.901481004507405,0.7343112947897302,0.9096142207124158,[0.94506021 0.52356238],0.901481004507405,0.44121763470958714,0.6436957631444614,0.9251499812523435,0.7844228721984025,"[19739, 1597, 698, 1261]"
pdfbox,RandomForest,4,model2,ADA,0.9696072118480361,0.9028800831075132,0.9698422030311296,[0.98338184 0.82237832],0.9696072118480361,0.8085841144548594,0.8366513527309852,0.9818147731533559,0.9092330629421704,"[20948, 388, 320, 1639]"
pdfbox,DT,4,model2,ADA,0.8679544966731059,0.7202421191782591,0.8893342641961385,[0.92352444 0.5169598 ],0.8679544966731059,0.3733272850986618,0.8402246043899949,0.8705005624296963,0.8553625834098456,"[18573, 2763, 313, 1646]"
pdfbox,LogisticRegression,4,model2,ADA,0.7812406095728697,0.6333410961654287,0.8270449739143969,[0.8662116  0.40047059],0.7812406095728697,0.2602048616419508,0.8688106176620725,0.7732002249718786,0.8210054213169755,"[16497, 4839, 257, 1702]"
pdfbox,MLP,4,model2,ADA,0.9417042283751877,0.8117446932593833,0.941851947815774,[0.96815944 0.65532995],0.9417042283751879,0.651691065118627,0.6590096988259316,0.9676602924634421,0.8133349956446868,"[20646, 690, 668, 1291]"
pdfbox,RandomForest,4,model3,ADA,0.7814981755741575,0.6260594863743625,0.8266011656222773,[0.86715039 0.38496858],0.7814981755741576,0.25217666613899004,0.8131699846860643,0.7785901762279716,0.7958800804570179,"[16612, 4724, 366, 1593]"
pdfbox,DT,4,model3,ADA,0.7814552479072763,0.6259505853252554,0.8265640238639916,[0.86712776 0.38477341],0.7814552479072763,0.2520582647245092,0.8126595201633486,0.7785901762279716,0.79562484819566,"[16612, 4724, 367, 1592]"
pdfbox,LogisticRegression,4,model3,ADA,0.7815840309079202,0.626277219513935,0.8266754404889134,[0.86719566 0.38535878],0.7815840309079202,0.2524133565437569,0.8141909137314957,0.7785901762279716,0.7963905449797336,"[16612, 4724, 364, 1595]"
pdfbox,MLP,4,model3,ADA,0.7815840309079202,0.626277219513935,0.8266754404889134,[0.86719566 0.38535878],0.7815840309079202,0.2524133565437569,0.8141909137314957,0.7785901762279716,0.7963905449797336,"[16612, 4724, 364, 1595]"
